wave flux
899.22998046875 4.2675211721013957e-19
904.2349853515625 4.520443089057545e-19
908.4500122070312 4.742258938384159e-19
909.2410278320312 4.784787488164715e-19
910.031982421875 4.827544037219357e-19
911.1929931640625 4.890657965903548e-19
911.6129760742188 4.913451208148042e-19
911.823974609375 4.924780449855186e-19
911.9290161132812 4.930419209679983e-19
912.0339965820312 4.936047413982833e-19
912.1389770507812 4.987241343581507e-19
912.2440185546875 5.038486995237726e-19
912.3489990234375 5.090395885523033e-19
912.4539794921875 5.14259540451265e-19
912.5590209960938 5.194701331207659e-19
912.6640014648438 5.246444499798376e-19
912.77001953125 5.297503670566842e-19
912.875 5.3474847706936525e-19
912.885986328125 5.352626013583953e-19
913.0369873046875 5.420787592863836e-19
913.0850219726562 5.441559804505956e-19
913.2410278320312 5.5045428447179875e-19
913.2839965820312 5.521890141338607e-19
913.531005859375 5.604511378284776e-19
913.677001953125 5.636315165915097e-19
913.822021484375 5.671688479217611e-19
913.9669799804688 5.663284876343814e-19
914.0590209960938 5.669296246093388e-19
914.1119995117188 5.675472633836088e-19
914.1649780273438 5.68164937342952e-19
914.27099609375 5.659384962834637e-19
914.3770141601562 5.627429175688261e-19
914.3909912109375 5.621191214067528e-19
914.447998046875 5.596096164336836e-19
914.4829711914062 5.581840228244151e-19
914.5750122070312 5.565268762486736e-19
914.60302734375 5.572042240920979e-19
914.760009765625 5.575827802942382e-19
914.9149780273438 5.421108480731065e-19
915.0709838867188 5.2444853949247665e-19
915.1220092773438 5.31754368083648e-19
915.2260131835938 5.46645641042402e-19
915.2520141601562 5.493311417514231e-19
915.3820190429688 5.487325381017334e-19
915.5120239257812 5.15822848436886e-19
915.6090087890625 4.82859114499663e-19
915.6430053710938 4.768441558726263e-19
915.677001953125 4.758387424070477e-19
915.7449951171875 4.883360933580666e-19
915.8809814453125 5.527881455596478e-19
916.0170288085938 5.98537149901567e-19
916.1530151367188 5.69878309665605e-19
916.2890014648438 4.844252724762101e-19
916.3790283203125 4.411058678062114e-19
916.4210205078125 4.343228542171409e-19
916.4249877929688 4.342513581484775e-19
916.4290161132812 4.342845376724685e-19
916.47900390625 4.434898676233151e-19
916.5800170898438 5.014522441907699e-19
916.6799926757812 5.864979437881788e-19
916.780029296875 6.575059954867951e-19
916.8800048828125 6.908893114214641e-19
916.97998046875 6.708014494523273e-19
917.0800170898438 6.056943567437058e-19
917.1799926757812 5.104762302745443e-19
917.1820068359375 5.086063195613974e-19
917.280029296875 4.2485733065026784e-19
917.3779907226562 3.9347245650100315e-19
917.5750122070312 5.1903686412986005e-19
917.77099609375 7.336614122784418e-19
917.9669799804688 8.375614555501055e-19
918.1630249023438 7.61923259333927e-19
918.3590087890625 5.450256147188454e-19
918.510009765625 3.94676911925454e-19
918.5560302734375 3.736541473773536e-19
918.6019897460938 3.6708984420305244e-19
918.6939697265625 3.9584298043508614e-19
918.8779907226562 6.0210899778858955e-19
919.06201171875 8.4614802080434105e-19
919.2009887695312 9.801600830185935e-19
919.2410278320312 1.0067406465381485e-18
919.2459716796875 1.009615970716874e-18
919.2509765625 1.0124000951859657e-18
919.301025390625 1.0344490323928097e-18
919.4019775390625 1.0508374653996418e-18
919.5020141601562 1.035670024801646e-18
919.6019897460938 9.817158965836312e-19
919.7020263671875 8.913590805627e-19
919.802001953125 7.770201890453077e-19
919.9019775390625 6.419239339866691e-19
920.0020141601562 5.053599336011152e-19
920.1019897460938 3.9499924238068285e-19
920.1649780273438 3.6198083083976767e-19
920.1890258789062 3.571257481494866e-19
920.2020263671875 3.560052443095981e-19
920.2150268554688 3.556341825280411e-19
920.2650146484375 3.6244309233095825e-19
920.3660278320312 4.3323866137275466e-19
920.4660034179688 5.58809296759561e-19
920.5659790039062 7.037981518031021e-19
920.666015625 8.531663169776399e-19
920.8660278320312 1.10772187688066e-18
921.0659790039062 1.273627730142379e-18
921.2659912109375 1.3445466228656053e-18
921.4669799804688 1.3195975911885306e-18
921.6669921875 1.1920118714767144e-18
921.8670043945312 9.711724079303212e-19
922.0670166015625 6.903036206936245e-19
922.1300048828125 5.9550271882200715e-19
922.2670288085938 4.147854627176095e-19
922.405029296875 3.5629133413947103e-19
922.5419921875 4.338182298978643e-19
922.5479736328125 4.400521804202559e-19
922.6790161132812 6.018737503894344e-19
922.8099975585938 8.051835882660881e-19
922.9409790039062 9.977274270867615e-19
923.072021484375 1.17918198639925e-18
923.2030029296875 1.3409578861434655e-18
923.3350219726562 1.4815415348421632e-18
923.4660034179688 1.5928247434958064e-18
923.5969848632812 1.6762271594362992e-18
923.72802734375 1.731839982373275e-18
923.8590087890625 1.76252952910673e-18
923.989990234375 1.76954416603242e-18
924.1209716796875 1.7519088444029047e-18
924.2520141601562 1.7076878222331527e-18
924.3839721679688 1.6337221836547606e-18
924.5150146484375 1.530246964956444e-18
924.64599609375 1.3989077016398016e-18
924.7769775390625 1.2470397777574602e-18
924.9080200195312 1.0738705994729482e-18
925.0390014648438 8.813442828187091e-19
925.1699829101562 6.777858272150989e-19
925.302001953125 4.756156338581331e-19
925.3820190429688 3.954483446545112e-19
925.4329833984375 3.732563801252673e-19
925.4840087890625 3.667799340786494e-19
925.5859985351562 4.1904102694629864e-19
925.68798828125 5.149601104429757e-19
925.7899780273438 6.732568749679481e-19
925.8920288085938 8.357371095067024e-19
925.9940185546875 9.968463224846612e-19
926.0960083007812 1.1509890317170142e-18
926.197998046875 1.2966856345071909e-18
926.2319946289062 1.3427821618167222e-18
926.301025390625 1.4329551710154595e-18
926.3690185546875 1.5221030279225752e-18
926.5050048828125 1.6861590611479224e-18
926.6409912109375 1.830258402356878e-18
926.7769775390625 1.9564360154407863e-18
926.9130249023438 2.063944710185999e-18
927.0490112304688 2.1527408571017965e-18
927.1849975585938 2.2253494777785114e-18
927.322021484375 2.2835961145520347e-18
927.4580078125 2.32683111023152e-18
927.593994140625 2.35611747624731e-18
927.72998046875 2.3725111870151164e-18
927.8660278320312 2.376046864646929e-18
928.0020141601562 2.3663357844544647e-18
928.0059814453125 2.365718497530926e-18
928.093994140625 2.346850713158724e-18
928.1380004882812 2.3343204641642993e-18
928.1820068359375 2.319469126263583e-18
928.3590087890625 2.2365851975611924e-18
928.5349731445312 2.122704486066504e-18
928.7109985351562 1.977437844870356e-18
928.8870239257812 1.8132752712434768e-18
928.9849853515625 1.7113990030098933e-18
929.0369873046875 1.6554755662470514e-18
929.06298828125 1.6275138478656304e-18
929.0889892578125 1.5995521294842091e-18
929.125 1.5540548743407578e-18
929.1929931640625 1.4681499552567549e-18
929.260986328125 1.3822450361727517e-18
929.3980102539062 1.1916177986573103e-18
929.4929809570312 1.0487395905974841e-18
929.5250244140625 9.995587397746505e-19
929.5339965820312 9.857881465811509e-19
929.5430297851562 9.719238907228962e-19
929.593017578125 8.896597822693115e-19
929.6170043945312 8.501850153585533e-19
929.655029296875 7.874595298820606e-19
929.6929931640625 7.231363606034685e-19
929.7689819335938 5.9369139125567355e-19
929.8270263671875 4.993812859695806e-19
929.8829956054688 4.2629604829182536e-19
929.9099731445312 4.030074354022962e-19
929.9390258789062 3.902685741090994e-19
929.9539794921875 3.881779122469399e-19
929.968017578125 3.87356974119945e-19
929.9819946289062 3.872077190395956e-19
929.9959716796875 3.8720047091452446e-19
930.010009765625 3.8724916705577944e-19
930.0239868164062 3.8733417419253665e-19
930.0380249023438 3.8747410522849836e-19
930.052001953125 3.877581191390548e-19
930.0809936523438 3.90951621934376e-19
930.1370239257812 4.276217514783894e-19
930.2009887695312 5.139734506213921e-19
930.2470092773438 5.901848468644381e-19
930.2490234375 5.936365025415423e-19
930.2509765625 5.971005433643991e-19
930.301025390625 6.837580007931719e-19
930.3259887695312 7.247421369723948e-19
930.4019775390625 8.564644953656153e-19
930.47802734375 9.827513932867623e-19
930.6300048828125 1.2223302860584663e-18
930.6329956054688 1.2269738712739759e-18
930.781982421875 1.441233515028804e-18
930.9310302734375 1.6432518496100064e-18
931.0800170898438 1.8242910139487546e-18
931.22900390625 1.9926742482117475e-18
931.3790283203125 2.1656906529085935e-18
931.5159912109375 2.315472383433067e-18
931.5280151367188 2.3286217489748343e-18
931.677001953125 2.4778395331466815e-18
931.8380126953125 2.625824010134086e-18
931.9990234375 2.757268687929919e-18
932.1599731445312 2.8627225744025233e-18
932.3209838867188 2.9553927386136504e-18
932.4829711914062 3.0382428896458065e-18
932.6439819335938 3.1099050318544878e-18
932.8049926757812 3.16995103326947e-18
932.9660034179688 3.215184118883628e-18
933.1270141601562 3.251513692104515e-18
933.1729736328125 3.2614598085856953e-18
933.2650146484375 3.2768511669892884e-18
933.2880249023438 3.280459748092691e-18
933.4030151367188 3.2963507345351714e-18
933.4320068359375 3.299087288785349e-18
933.5419921875 3.3068091456815775e-18
933.6519775390625 3.309670114350453e-18
933.7620239257812 3.3073276329196792e-18
933.8720092773438 3.2995742501978993e-18
933.9819946289062 3.284565423909714e-18
934.0919799804688 3.261181424286845e-18
934.2020263671875 3.2306455659529576e-18
934.31201171875 3.1926155685163406e-18
934.4130249023438 3.15257467377842e-18
934.4219970703125 3.1489675000779443e-18
934.5330200195312 3.1008624680520844e-18
934.6519775390625 3.040350334787864e-18
934.77099609375 2.9710689553695557e-18
934.8900146484375 2.8933504768878e-18
935.0089721679688 2.8055051713891086e-18
935.0260009765625 2.7921652434911007e-18
935.1279907226562 2.712539452563428e-18
935.22998046875 2.6360856663513754e-18
935.3319702148438 2.5547600141691432e-18
935.4340209960938 2.469360774956612e-18
935.5369873046875 2.3796394013569705e-18
935.6389770507812 2.2854400938662613e-18
935.7410278320312 2.1864729274816382e-18
935.843017578125 2.081162173886653e-18
935.9450073242188 1.9688445240820735e-18
935.9500122070312 1.9631125941835445e-18
936.0469970703125 1.848877357891685e-18
936.1439819335938 1.7279151578323004e-18
936.3380126953125 1.4662759982601946e-18
936.4639892578125 1.2797017996923267e-18
936.531982421875 1.1716546325874563e-18
936.6010131835938 1.0579273280117503e-18
936.64501953125 9.82226924586223e-19
936.7139892578125 8.588837506260265e-19
936.7369995117188 8.175151119672989e-19
936.8289794921875 6.514392444320651e-19
936.8870239257812 5.464321732035336e-19
936.9439697265625 4.621846118057112e-19
936.9730224609375 4.348473581027535e-19
937.0009765625 4.2318336560955527e-19
937.0150146484375 4.2207633765268745e-19
937.0289916992188 4.218742345924501e-19
937.0430297851562 4.2192293073370507e-19
937.0579833984375 4.2199446198744155e-19
937.072021484375 4.220659932411781e-19
937.0859985351562 4.2213854486203626e-19
937.1010131835938 4.2221940016016047e-19
937.114990234375 4.2231373134130546e-19
937.1430053710938 4.2390997255540517e-19
937.1500244140625 4.2553731737417933e-19
937.1859741210938 4.484755573051702e-19
937.198974609375 4.624841775186048e-19
937.25 5.370080976528444e-19
937.3140258789062 6.532821681940974e-19
937.3410034179688 7.033970419690657e-19
937.4420166015625 8.879074248855959e-19
937.5430297851562 1.0690802925023566e-18
937.64501953125 1.240355317558314e-18
937.7459716796875 1.4005811037193437e-18
937.8469848632812 1.5493635781660417e-18
937.89599609375 1.6204588184759512e-18
937.947998046875 1.693606192992909e-18
938.0 1.7645561893208096e-18
938.10400390625 1.9019681147844727e-18
938.2080078125 2.0324974177169468e-18
938.31201171875 2.1564655489466305e-18
938.416015625 2.2742768553342922e-18
938.52001953125 2.386822504412956e-18
938.5430297851562 2.411149182515957e-18
938.5560302734375 2.4248933165344396e-18
938.6240234375 2.4967767024831578e-18
938.72900390625 2.6032529264415314e-18
938.7360229492188 2.610372133404656e-18
938.9140014648438 2.7884648997168936e-18
939.093017578125 2.965227670263642e-18
939.27099609375 3.1506363984681218e-18
939.448974609375 3.322677613677235e-18
939.6279907226562 3.4866727063558674e-18
939.8070068359375 3.6450927945622695e-18
939.9860229492188 3.800751276746403e-18
940.1640014648438 3.946953137187173e-18
940.343017578125 4.080532000780666e-18
940.52099609375 4.202877255695867e-18
940.5800170898438 4.241018437963673e-18
940.6599731445312 4.291618232416947e-18
940.7000122070312 4.316208657828364e-18
940.739990234375 4.340761927802523e-18
940.9010009765625 4.431272572963314e-18
941.0609741210938 4.5157947186720864e-18
941.2210083007812 4.594887103890636e-18
941.3809814453125 4.667676012882228e-18
941.541015625 4.7289408252315114e-18
941.7009887695312 4.7856518446719914e-18
942.02197265625 4.887686867955678e-18
942.3419799804688 4.971690807906932e-18
942.6619873046875 5.034446341435905e-18
942.9169921875 5.070781544268498e-18
942.9819946289062 5.0778089885608184e-18
943.0479736328125 5.083917680222757e-18
943.177978515625 5.09271113370718e-18
943.43798828125 5.093375990849632e-18
943.697998046875 5.0747014428992306e-18
943.9580078125 5.034562311437044e-18
944.0880126953125 5.004678080658101e-18
944.218994140625 4.967780479616101e-18
944.3489990234375 4.924594039337578e-18
944.47900390625 4.875155352298619e-18
944.6090087890625 4.819303974565612e-18
944.6909790039062 4.779355686940251e-18
944.739013671875 4.7559460725841205e-18
944.844970703125 4.7049358794374954e-18
944.9990234375 4.6228111038736285e-18
945.1530151367188 4.534761724950603e-18
945.3079833984375 4.44011247074431e-18
945.4619750976562 4.337393731118957e-18
945.6160278320312 4.228915054276839e-18
945.77001953125 4.1148408248797645e-18
945.9240112304688 3.99592344053221e-18
946.2319946289062 3.754644475395508e-18
946.541015625 3.508735717591976e-18
946.6950073242188 3.3833735537636493e-18
946.8489990234375 3.251991646138335e-18
947.0040283203125 3.1166982842998484e-18
947.1580200195312 2.976427782752284e-18
947.31201171875 2.828800223147026e-18
947.468017578125 2.673493591694504e-18
947.4710083007812 2.6704589495045048e-18
947.6220092773438 2.5124664303071567e-18
947.6240234375 2.510331118587156e-18
947.7769775390625 2.3382748441667293e-18
947.9299926757812 2.1503496795297677e-18
948.0830078125 1.9473781109464848e-18
948.2329711914062 1.7288429178414123e-18
948.2360229492188 1.7241899030262955e-18
948.3889770507812 1.4822269400673416e-18
948.5460205078125 1.204460631841698e-18
948.6270141601562 1.0480080929264648e-18
948.6610107421875 9.811136688714057e-19
948.7020263671875 8.993581958354378e-19
948.7769775390625 7.499597011278351e-19
948.8350219726562 6.311948792575078e-19
948.8930053710938 5.312481604360793e-19
948.9219970703125 4.990754924987375e-19
948.9509887695312 4.867823557123455e-19
948.9660034179688 4.863366312055407e-19
948.97998046875 4.863884588183069e-19
948.9940185546875 4.864672381971147e-19
949.0089721679688 4.865543212531884e-19
949.0230102539062 4.86633065446923e-19
949.0369873046875 4.867139207450472e-19
949.052001953125 4.867989278818044e-19
949.0659790039062 4.868808035470503e-19
949.094970703125 4.876063901257785e-19
949.1530151367188 5.328568219810048e-19
949.22998046875 6.71859746082867e-19
949.2579956054688 7.317604331456938e-19
949.2689819335938 7.54118224924746e-19
949.280029296875 7.766978234050056e-19
949.3300170898438 8.780573636541452e-19
949.3599853515625 9.38637967070737e-19
949.4299926757812 1.0799327060980209e-18
949.5 1.21684704425704e-18
949.6400146484375 1.473573100953222e-18
949.781005859375 1.706759640003163e-18
949.7949829101562 1.728713155291594e-18
949.8790283203125 1.8600718407686212e-18
949.9210205078125 1.9233203875427273e-18
949.9630126953125 1.9852112127136923e-18
950.1309814453125 2.220191064572508e-18
950.2990112304688 2.435362705423672e-18
950.4669799804688 2.6345307675982397e-18
950.635009765625 2.8225457245419088e-18
950.718994140625 2.9137597896853367e-18
950.8040161132812 3.00327371209362e-18
950.8880004882812 3.0909636403092323e-18
951.0560302734375 3.2621663248547703e-18
951.2239990234375 3.4291501783879996e-18
951.3920288085938 3.592423273365366e-18
951.72802734375 3.910853533604467e-18
952.0650024414062 4.244821240670925e-18
952.4010009765625 4.589216396019407e-18
952.7379760742188 4.928424990103359e-18
953.0750122070312 5.270604611765032e-18
953.4130249023438 5.620754074718575e-18
953.75 5.97398575008103e-18
954.0869750976562 6.317513100785067e-18
954.4249877929688 6.649955746040431e-18
954.593017578125 6.809930170038797e-18
954.7620239257812 6.965842829191447e-18
954.9299926757812 7.11206298587026e-18
955.0989990234375 7.247183800109965e-18
955.2670288085938 7.378041309404886e-18
955.43701171875 7.507057372710847e-18
955.5339965820312 7.580155628865672e-18
955.7739868164062 7.758513549889252e-18
956.0139770507812 7.920933477212609e-18
956.4940185546875 8.230752401905968e-18
956.9749755859375 8.527094036175699e-18
957.4550170898438 8.805164202693162e-18
957.5430297851562 8.853871603171538e-18
957.9359741210938 9.063766608970877e-18
957.97998046875 9.08643818123238e-18
958.416015625 9.30032795949814e-18
958.8519897460938 9.494047401983271e-18
959.2890014648438 9.667370761258376e-18
959.7249755859375 9.806913072531797e-18
959.8930053710938 9.85762236293275e-18
960.1619873046875 9.92198346172021e-18
960.4299926757812 9.983759442812376e-18
960.697998046875 1.0035460670795885e-17
960.9660034179688 1.0071584763189513e-17
961.2340087890625 1.0098571995784664e-17
961.5029907226562 1.0108465475396395e-17
961.77099609375 1.0102147925140173e-17
962.0390014648438 1.0084020575447572e-17
962.3070068359375 1.0047168011299219e-17
962.5759887695312 9.992894050766168e-18
962.843994140625 9.925965849040875e-18
963.1119995117188 9.838042573420059e-18
963.3800048828125 9.732494109470797e-18
963.6480102539062 9.616562389691402e-18
963.9169921875 9.478866591057476e-18
964.0469970703125 9.407311411471204e-18
964.1389770507812 9.35448538706888e-18
964.1849975585938 9.328053797149088e-18
964.2310180664062 9.30162333315164e-18
964.4149780273438 9.186686365760655e-18
964.7830200195312 8.951866254133988e-18
965.1519775390625 8.689270201312194e-18
965.52001953125 8.406728997178004e-18
965.8880004882812 8.110835480000053e-18
966.2570190429688 7.803142859647965e-18
966.625 7.488491476266366e-18
966.9929809570312 7.165525719356507e-18
967.427978515625 6.7797149180915536e-18
967.72998046875 6.507513058816193e-18
968.031982421875 6.233111147286213e-18
968.6370239257812 5.659716617334254e-18
969.1849975585938 5.1085083871147586e-18
969.2410278320312 5.050444571981381e-18
969.2969970703125 4.992444371460277e-18
969.3389892578125 4.9463147701819745e-18
969.4089965820312 4.8694086446693626e-18
969.6329956054688 4.621369360315779e-18
969.7789916992188 4.45139927925322e-18
969.927001953125 4.276766753775939e-18
970.073974609375 4.091536765743117e-18
970.219970703125 3.900514470226223e-18
970.3670043945312 3.6991432595105994e-18
970.5139770507812 3.487296748813453e-18
970.6599731445312 3.2627757303219205e-18
970.739990234375 3.1292872219963053e-18
970.8070068359375 3.015651820831696e-18
970.8740234375 2.9020158567059164e-18
971.0079956054688 2.646268789485369e-18
971.1439819335938 2.3693490341199815e-18
971.208984375 2.2268114879385014e-18
971.2780151367188 2.0609877566375402e-18
971.3480224609375 1.880283976416163e-18
971.3889770507812 1.7668799522926614e-18
971.4669799804688 1.540708613129581e-18
971.4869995117188 1.479565822614021e-18
971.5850219726562 1.1673322870899075e-18
971.6439819335938 9.756428825858784e-19
971.7030029296875 7.966395265802313e-19
971.7319946289062 7.219621643419361e-19
971.7620239257812 6.623123468507481e-19
971.7780151367188 6.420182299827409e-19
971.7919921875 6.329818587532139e-19
971.8060302734375 6.309212097584607e-19
971.8209838867188 6.30969976269862e-19
971.8270263671875 6.310124798382406e-19
971.8330078125 6.310549834066193e-19
971.8359985351562 6.31074616677443e-19
971.8389892578125 6.310974869749978e-19
971.8510131835938 6.311782719029757e-19
971.8660278320312 6.312860789671413e-19
971.8800048828125 6.32099768969065e-19
971.9099731445312 6.544969680300576e-19
971.968994140625 7.822556575615335e-19
972.0369873046875 9.893063724166758e-19
972.0869750976562 1.1534118054847413e-18
972.1370239257812 1.3171098657757478e-18
972.1500244140625 1.3594518642984042e-18
972.2369995117188 1.629735574125315e-18
972.323974609375 1.877433563269236e-18
972.4990234375 2.310161267009545e-18
972.5479736328125 2.4181566416867225e-18
972.6729736328125 2.6710579401899995e-18
972.7979736328125 2.899476338865441e-18
972.9229736328125 3.106221295434813e-18
973.0479736328125 3.297293975976474e-18
973.1729736328125 3.47359624428569e-18
973.2979736328125 3.639014784284127e-18
973.3510131835938 3.706222777711199e-18
973.4229736328125 3.797405879990245e-18
973.5479736328125 3.9478471195260505e-18
973.7459716796875 4.173156002175806e-18
973.9429931640625 4.387137261631783e-18
974.1400146484375 4.589610750319397e-18
974.3369750976562 4.7846559663612395e-18
974.7310180664062 5.163240035079488e-18
975.1259765625 5.519233597944797e-18
975.4000244140625 5.759598877101651e-18
975.52001953125 5.856033562660431e-18
975.6400146484375 5.9527108844837295e-18
975.8800048828125 6.148496394464882e-18
976.3610229492188 6.534249773690437e-18
976.6010131835938 6.732555097871094e-18
976.8410034179688 6.943834988150055e-18
977.0809936523438 7.173727500650653e-18
977.3209838867188 7.405942227979884e-18
977.802001953125 7.87484834986678e-18
978.0419921875 8.117435636763905e-18
978.281982421875 8.36145678576249e-18
978.52197265625 8.62705004385644e-18
978.7620239257812 8.923113012346736e-18
978.8829956054688 9.087642918137419e-18
979.0029907226562 9.261209476638211e-18
979.1229858398438 9.443052127307666e-18
979.1810302734375 9.537030613279217e-18
979.2429809570312 9.640417306333458e-18
979.3049926757812 9.749981935273621e-18
979.4290161132812 9.94834693333836e-18
979.552978515625 1.01545472249752e-17
979.677001953125 1.0373422024406422e-17
979.801025390625 1.0617899171953176e-17
979.9249877929688 1.08645313348609e-17
980.0490112304688 1.1084217924300097e-17
980.1729736328125 1.1293499865384678e-17
980.2979736328125 1.1495983487373364e-17
980.4219970703125 1.1711865585221795e-17
980.5460205078125 1.193067395523489e-17
980.7940063476562 1.2348279677491729e-17
981.0419921875 1.2721305630572862e-17
981.2899780273438 1.3102787260436075e-17
981.7869873046875 1.3864373517139266e-17
982.2830200195312 1.4620297510388786e-17
982.6279907226562 1.5155343688362168e-17
983.2760009765625 1.6161714469411246e-17
983.9229736328125 1.7176328127919924e-17
984.5709838867188 1.824929045991429e-17
985.1129760742188 1.9117177296690632e-17
985.218017578125 1.928283425074481e-17
985.8660278320312 2.0304737130490128e-17
986.2420043945312 2.089520233201751e-17
986.6179809570312 2.1467637013173638e-17
986.9949951171875 2.1873840519881595e-17
987.3709716796875 2.2177353153542143e-17
987.7470092773438 2.2451853020315806e-17
987.9349975585938 2.2579757798271044e-17
988.1229858398438 2.2721774886850325e-17
988.31201171875 2.292309880882762e-17
988.5 2.3143941720511185e-17
988.68798828125 2.3363424518006633e-17
988.8759765625 2.3550296100812854e-17
989.1920166015625 2.3799142952965633e-17
989.2520141601562 2.384399744719258e-17
989.31201171875 2.3888851941419523e-17
989.4320068359375 2.3978304219579626e-17
989.6729736328125 2.404160582544406e-17
989.9130249023438 2.4048210485897275e-17
990.1530151367188 2.4062912779828083e-17
990.3930053710938 2.4113504974305555e-17
990.6329956054688 2.4176158048901483e-17
990.7529907226562 2.420860037523953e-17
990.8729858398438 2.4249948747296117e-17
990.9929809570312 2.4358248965447162e-17
991.114013671875 2.4473579442696382e-17
991.35400390625 2.4712835688347197e-17
991.593994140625 2.4982669732939107e-17
991.833984375 2.534884895226368e-17
992.073974609375 2.5725924848005952e-17
992.3140258789062 2.6154025292404696e-17
992.5549926757812 2.6668634853963767e-17
992.7949829101562 2.7212405804158762e-17
993.2750244140625 2.8371488810105755e-17
993.6309814453125 2.920394399672828e-17
993.7550048828125 2.94404259697305e-17
993.8800048828125 2.9678765714595613e-17
994.1279907226562 3.0072912844874476e-17
994.2520141601562 3.0262317752948304e-17
994.3759765625 3.0406676759997187e-17
994.5 3.048616237359338e-17
994.6240234375 3.0543962722898936e-17
994.8720092773438 3.0655872648075724e-17
995.1199951171875 3.080968264725626e-17
995.3690185546875 3.098264008177049e-17
995.4929809570312 3.1073256563631354e-17
995.6170043945312 3.1163177225485377e-17
995.7410278320312 3.1318345087009354e-17
995.864990234375 3.1521089922981186e-17
996.1129760742188 3.202364986364521e-17
996.3610229492188 3.2544078191863376e-17
996.6090087890625 3.321842685965151e-17
996.7570190429688 3.3671171492253464e-17
996.8579711914062 3.398390542988808e-17
997.1060180664062 3.479471138173487e-17
997.1799926757812 3.503683647751095e-17
997.6019897460938 3.646963345643748e-17
997.81298828125 3.715586285676948e-17
998.0239868164062 3.7753964063614585e-17
998.2360229492188 3.8285003083975796e-17
998.447021484375 3.880213921526842e-17
998.6580200195312 3.915421062765832e-17
998.8690185546875 3.943897440249394e-17
999.2080078125 3.993019180149317e-17
999.2639770507812 3.99833488470638e-17
999.291015625 4.0001192464326426e-17
999.3189697265625 4.0019639575963916e-17
999.4299926757812 4.010980343704363e-17
999.6530151367188 4.027955649657493e-17
999.875 4.0387419856857606e-17
1000.0960083007812 4.0411208344081537e-17
1000.3179931640625 4.0373084613610015e-17
1000.5399780273438 4.0297206455194875e-17
1000.9840087890625 4.007221114191714e-17
1001.427978515625 3.979671145610453e-17
1001.8720092773438 3.9446234349749714e-17
1002.3159790039062 3.901342529812025e-17
1002.760986328125 3.8463029420869905e-17
1002.9739990234375 3.8178337705064105e-17
1003.2039794921875 3.784650136898945e-17
1003.6480102539062 3.717618575502734e-17
1004.322998046875 3.605410956458943e-17
1004.9970092773438 3.478614311271868e-17
1005.6719970703125 3.3437407495782804e-17
1006.3460083007812 3.20597919707963e-17
1007.02001953125 3.065950937723765e-17
1007.4140014648438 2.978704341429983e-17
1008.3699951171875 2.771517967006761e-17
1009.3259887695312 2.5681414886015402e-17
1010.281982421875 2.365031403422236e-17
1011.2379760742188 2.169497874861035e-17
1011.7160034179688 2.0749408899906e-17
1012.1939697265625 1.9820029814467457e-17
1012.6719970703125 1.8944490083538282e-17
1013.1500244140625 1.8098818820475275e-17
1013.6290283203125 1.7264774957429376e-17
1013.8829956054688 1.683533804321168e-17
1014.1060180664062 1.6477623508047915e-17
1014.3289794921875 1.612000692812783e-17
1014.7750244140625 1.542524754013923e-17
1015.2210083007812 1.478128188672717e-17
1015.6669921875 1.415885963139077e-17
1016.1119995117188 1.3567466669854274e-17
1016.5590209960938 1.3006614351821614e-17
1017.0040283203125 1.2477555828858496e-17
1017.4500122070312 1.197104052300999e-17
1017.89501953125 1.1494391433182968e-17
1018.3419799804688 1.1034607534104113e-17
1019.1329956054688 1.0247756705987741e-17
1019.2329711914062 1.0148618117926675e-17
1019.3319702148438 1.0050448949001345e-17
1019.531005859375 9.84693285622582e-18
1019.9290161132812 9.453791174597607e-18
1020.4019775390625 8.979748032029187e-18
1020.7230224609375 8.645826487778717e-18
1021.0440063476562 8.30618807284103e-18
1021.3660278320312 7.95589392886665e-18
1021.68701171875 7.594882130126812e-18
1022.0079956054688 7.212557184430075e-18
1022.1680297851562 7.019522302728366e-18
1022.3289794921875 6.818679712551915e-18
1022.489013671875 6.610536078954243e-18
1022.6500244140625 6.39730440229689e-18
1022.8099975585938 6.192619602131246e-18
1022.8989868164062 6.055804837729273e-18
1022.9719848632812 5.942763923560794e-18
1023.0430297851562 5.835966811735191e-18
1023.1859741210938 5.626117968751839e-18
1023.3289794921875 5.410861320763917e-18
1023.4710083007812 5.1558719992789675e-18
1023.4730224609375 5.152300010651653e-18
1023.614990234375 4.903045011650207e-18
1023.7570190429688 4.6607622867463645e-18
1023.8989868164062 4.3965769945400285e-18
1023.9910278320312 4.2087618888119154e-18
1024.041015625 4.107440418811936e-18
1024.0909423828125 4.003053343757576e-18
1024.1910400390625 3.78727004559458e-18
1024.291015625 3.5537647297817995e-18
1024.3909912109375 3.2935595730514473e-18
1024.4420166015625 3.147037669185204e-18
1024.4859619140625 3.0208465450332015e-18
1024.490966796875 3.00647499079011e-18
1024.5400390625 2.8655613061051608e-18
1024.6390380859375 2.5084992429380958e-18
1024.6669921875 2.4076762750546633e-18
1024.791015625 1.885176390469068e-18
1024.85205078125 1.6150818355954716e-18
1024.9150390625 1.3504029671828319e-18
1024.947021484375 1.2354215258593715e-18
1024.97802734375 1.1479700820696454e-18
1024.9930419921875 1.1190096002014733e-18
1025.009033203125 1.100870428324291e-18
1025.0250244140625 1.0954287049091946e-18
1025.0400390625 1.0952628424743134e-18
1025.0560302734375 1.0954390493207041e-18
1025.072021484375 1.0956049117555856e-18
1025.0870361328125 1.095770774190467e-18
1025.10302734375 1.0960091882462066e-18
1025.134033203125 1.1132880147144537e-18
1025.196044921875 1.2764159360799576e-18
1025.27099609375 1.5815891644534178e-18
1025.3199462890625 1.8006168078424534e-18
1025.3709716796875 2.028081831775521e-18
1025.470947265625 2.45106622579635e-18
1025.52099609375 2.6453933848651206e-18
1025.571044921875 2.8269613104833343e-18
1025.6209716796875 2.99543785556035e-18
1025.720947265625 3.300196322291387e-18
1025.821044921875 3.561358513011721e-18
1025.8740234375 3.692489058474372e-18
1025.9210205078125 3.804537190618537e-18
1025.9720458984375 3.921311944750873e-18
1026.02099609375 4.028861735661538e-18
1026.0699462890625 4.1328766933821455e-18
1026.2659912109375 4.536104950303601e-18
1026.4630126953125 4.898110656990093e-18
1026.6590576171875 5.2431484325147904e-18
1026.85498046875 5.606595038317377e-18
1026.9969482421875 5.8179002618490135e-18
1027.032958984375 5.872141570634169e-18
1027.051025390625 5.899402402358221e-18
1027.0689697265625 5.926725159811036e-18
1027.1409912109375 6.037270467110344e-18
1027.2850341796875 6.267036313347564e-18
1027.428955078125 6.479616643930558e-18
1027.572998046875 6.681407260718263e-18
1027.717041015625 6.8924535221114334e-18
1027.8609619140625 7.108672270739871e-18
1028.0059814453125 7.290209233493702e-18
1028.1500244140625 7.477322326642106e-18
1028.43798828125 7.850107895303404e-18
1028.7259521484375 8.19332111367426e-18
1028.9610595703125 8.470477031250705e-18
1029.008056640625 8.523712891385209e-18
1029.0140380859375 8.530523032665688e-18
1029.0670166015625 8.591025032628836e-18
1029.1729736328125 8.71437095102474e-18
1029.3380126953125 8.913590524146415e-18
1029.66796875 9.270880023626394e-18
1029.9990234375 9.652362216450776e-18
1030.3289794921875 1.0070340619002537e-17
1030.6590576171875 1.0496454936391484e-17
1030.989013671875 1.0935319198371675e-17
1031.3189697265625 1.1371384417411755e-17
1031.6500244140625 1.1771896386685171e-17
1031.97998046875 1.21810126544897e-17
1032.093994140625 1.2318558705452253e-17
1032.6400146484375 1.2986079780163623e-17
1032.9129638671875 1.3326162371464898e-17
1033.18701171875 1.3682934509629113e-17
1033.4599609375 1.400218303392965e-17
1033.7330322265625 1.4252918057848544e-17
1034.0059814453125 1.4483647693609793e-17
1034.1429443359375 1.4591136121752863e-17
1034.279052734375 1.4698312669407435e-17
1034.416015625 1.4838761348165487e-17
1034.552001953125 1.5009475945376133e-17
1034.68896484375 1.5184130144858482e-17
1034.824951171875 1.5362412066124035e-17
1035.0989990234375 1.5787904874380666e-17
1035.2359619140625 1.6021122798515867e-17
1035.3719482421875 1.6270717263103173e-17
1035.509033203125 1.654943821273382e-17
1035.64501953125 1.6841116276666487e-17
1035.781982421875 1.7150829364659778e-17
1035.91796875 1.7498168525449798e-17
1036.0550537109375 1.7887382989952066e-17
1036.116943359375 1.8081005603115858e-17
1036.1910400390625 1.831950973264278e-17
1036.2650146484375 1.8568481562175428e-17
1036.4129638671875 1.9065702379097694e-17
1036.7099609375 2.011248589073786e-17
1037.0059814453125 2.1187982673922168e-17
1037.302001953125 2.224523726333508e-17
1037.5980224609375 2.328849663804743e-17
1037.89404296875 2.443955632139135e-17
1038.18994140625 2.560367445204799e-17
1038.220947265625 2.5733241091378776e-17
1038.487060546875 2.6737210280074172e-17
1038.501953125 2.6793396056742503e-17
1038.6429443359375 2.7283361430098367e-17
1038.782958984375 2.7796543322128855e-17
1038.9229736328125 2.82503328106634e-17
1039.06298828125 2.864960288759453e-17
1039.2039794921875 2.9055504647115055e-17
1039.2939453125 2.932033509282287e-17
1039.343994140625 2.946835109563583e-17
1039.39404296875 2.961211786753326e-17
1039.4940185546875 2.990182669329125e-17
1039.6939697265625 3.0490053561204415e-17
1040.093994140625 3.176134823951563e-17
1040.4949951171875 3.312178444142079e-17
1040.89501953125 3.449953057339887e-17
1041.2950439453125 3.5772174106674784e-17
1041.6949462890625 3.6937848262006904e-17
1042.095947265625 3.808672815969835e-17
1042.4959716796875 3.9261006613561573e-17
1042.89599609375 4.049706217443931e-17
1043.2960205078125 4.179043618986058e-17
1043.696044921875 4.311780405260601e-17
1043.845947265625 4.3626117456433335e-17
1044.0970458984375 4.450011242191045e-17
1044.3470458984375 4.5393284096702115e-17
1044.8470458984375 4.735262316215927e-17
1045.3470458984375 4.9527873599445744e-17
1045.8480224609375 5.170467330587364e-17
1046.0980224609375 5.266014001195675e-17
1046.3480224609375 5.363177946654821e-17
1046.5980224609375 5.441331819305901e-17
1046.8480224609375 5.5196514277255993e-17
1047.3480224609375 5.664847670627367e-17
1047.5980224609375 5.7497696876556e-17
1047.8489990234375 5.835314114554024e-17
1048.0989990234375 5.940396897022983e-17
1048.3489990234375 6.047822048330482e-17
1048.8489990234375 6.283319965206521e-17
1049.2989501953125 6.474662360445007e-17
1049.3489990234375 6.496315198172233e-17
1049.3990478515625 6.511946152850023e-17
1049.4990234375 6.543176536380051e-17
1049.699951171875 6.605564794041339e-17
1049.9000244140625 6.662490526872278e-17
1050.0999755859375 6.70322594680634e-17
1050.5 6.78291377605501e-17
1050.9000244140625 6.847292214046524e-17
1051.300048828125 6.907825402058524e-17
1051.7010498046875 6.963476590799275e-17
1052.1009521484375 7.009974030906433e-17
1052.5009765625 7.045569390168653e-17
1052.9010009765625 7.070538744743985e-17
1053.051025390625 7.07822969507195e-17
1053.7020263671875 7.12000141392881e-17
1054.35205078125 7.189728883778685e-17
1054.677001953125 7.229158233797006e-17
1055.001953125 7.259217207723296e-17
1055.3280029296875 7.278361490474428e-17
1055.6529541015625 7.264129832082225e-17
1055.97802734375 7.233884855785176e-17
1056.302978515625 7.18395515401324e-17
1056.6280517578125 7.124469524147451e-17
1056.9530029296875 7.068133774623277e-17
1057.2779541015625 7.022278110250578e-17
1057.60400390625 7.004470522502865e-17
1057.7659912109375 7.004403417531334e-17
1057.928955078125 7.004335411821928e-17
1058.0909423828125 7.02074505439086e-17
1058.2540283203125 7.037266388456037e-17
1058.5789794921875 7.098410276745879e-17
1058.904052734375 7.17806748090687e-17
1059.10400390625 7.245786305300123e-17
1059.22900390625 7.28854027880741e-17
1059.35498046875 7.331732461289871e-17
1059.60498046875 7.440500162396964e-17
1059.85498046875 7.555966651064995e-17
1060.10498046875 7.691179115383268e-17
1060.35498046875 7.841136658681314e-17
1060.60498046875 8.012383141605922e-17
1060.72998046875 8.104530427481818e-17
1060.85498046875 8.203768321893372e-17
1060.97998046875 8.308960994382828e-17
1061.10498046875 8.423106100591279e-17
1061.22998046875 8.541720668125178e-17
1061.35595703125 8.664269658688012e-17
1061.48095703125 8.80180512598056e-17
1061.60595703125 8.943328159836541e-17
1061.85595703125 9.24955471670821e-17
1062.10595703125 9.586409964210795e-17
1062.35595703125 9.94918844769614e-17
1062.60595703125 1.0331262537895266e-16
1062.85595703125 1.0730115573191227e-16
1063.10595703125 1.1133948788186584e-16
1063.6070556640625 1.1918129378878675e-16
1063.8570556640625 1.2310992507319688e-16
1064.1070556640625 1.263927993617502e-16
1064.3570556640625 1.298670173966488e-16
1064.6070556640625 1.328164024951306e-16
1064.8570556640625 1.3580917613695119e-16
1065.3570556640625 1.4166900743566834e-16
1065.8580322265625 1.4766630034117247e-16
1066.3580322265625 1.5377959026995176e-16
1066.6080322265625 1.564806149147322e-16
1066.7330322265625 1.5785737473873942e-16
1066.8580322265625 1.5905447338661317e-16
1066.9830322265625 1.6015757103006855e-16
1067.1080322265625 1.6106474017140548e-16
1067.2330322265625 1.6197857477300203e-16
1067.3580322265625 1.6289685901969083e-16
1067.4840087890625 1.6312496187863016e-16
1067.6090087890625 1.633488492843242e-16
1067.7340087890625 1.6356900763522434e-16
1067.8590087890625 1.6350478502488483e-16
1067.9840087890625 1.632988583323769e-16
1068.1090087890625 1.6281121686273317e-16
1068.2340087890625 1.6232377355542152e-16
1068.3590087890625 1.6183649238092694e-16
1068.4840087890625 1.608035982472873e-16
1068.6090087890625 1.5977927913819785e-16
1068.8590087890625 1.5767121023516344e-16
1069.1090087890625 1.5532145534606602e-16
1069.3089599609375 1.5341999769632296e-16
1069.3590087890625 1.5294727244585485e-16
1069.4090576171875 1.5249850682280656e-16
1069.509033203125 1.5160203844739997e-16
1069.7099609375 1.4980033751708328e-16
1069.9100341796875 1.4822618999560345e-16
1070.1099853515625 1.4672628128960999e-16
1070.31005859375 1.4546258208341222e-16
1070.510009765625 1.44278706267513e-16
1070.7099609375 1.4330671102146173e-16
1070.9100341796875 1.4240491027784745e-16
1071.31005859375 1.4096428813864988e-16
1071.7110595703125 1.3972193642004042e-16
1072.1109619140625 1.3831755997284932e-16
1072.510986328125 1.365632828915421e-16
1072.9110107421875 1.3437653453530776e-16
1073.31103515625 1.3175153216700213e-16
1073.7110595703125 1.2871393780862483e-16
1073.8609619140625 1.275580389110586e-16
1074.112060546875 1.2563164883699302e-16
1074.362060546875 1.237411621745422e-16
1074.612060546875 1.2209787401393668e-16
1074.862060546875 1.2061753834192188e-16
1075.112060546875 1.193693588492746e-16
1075.237060546875 1.1880906386280082e-16
1075.362060546875 1.1842531349942017e-16
1075.487060546875 1.1808547410734459e-16
1075.612060546875 1.1778833869782434e-16
1075.737060546875 1.175551556772817e-16
1075.862060546875 1.1732197265673909e-16
1075.987060546875 1.1745594840795783e-16
1076.113037109375 1.1758948279761885e-16
1076.238037109375 1.1772110762298927e-16
1076.363037109375 1.1796302780089928e-16
1076.488037109375 1.1839884081333492e-16
1076.613037109375 1.1894724605988612e-16
1076.738037109375 1.195021456265011e-16
1076.863037109375 1.2016941224276335e-16
1076.988037109375 1.210352825526267e-16
1077.113037109375 1.220232839106798e-16
1077.238037109375 1.230285524137569e-16
1077.363037109375 1.2405108806185796e-16
1077.488037109375 1.2548414400292294e-16
1077.613037109375 1.2695431034435244e-16
1077.738037109375 1.2846327146596874e-16
1077.863037109375 1.300956336761757e-16
1077.988037109375 1.319184479022337e-16
1078.113037109375 1.3388147098559113e-16
1078.238037109375 1.3591588655275653e-16
1078.364013671875 1.3810463454706878e-16
1078.489013671875 1.4045888411815211e-16
1078.614013671875 1.4296053043476076e-16
1078.739013671875 1.4556439248518886e-16
1078.864013671875 1.4827877507262474e-16
1078.989013671875 1.512204318401569e-16
1079.114013671875 1.5432134807100076e-16
1079.239013671875 1.5757425481052188e-16
1079.31396484375 1.5957555024609984e-16
1079.364013671875 1.6091192098388515e-16
1079.4139404296875 1.6232530480980549e-16
1079.5140380859375 1.6515899012851021e-16
1079.7139892578125 1.7118135957639651e-16
1079.9139404296875 1.7759434301025515e-16
1080.114013671875 1.8438064626292599e-16
1080.31396484375 1.917393143895678e-16
1080.5150146484375 1.9923004870313772e-16
1080.7149658203125 2.0721604472875636e-16
1080.9150390625 2.1558434993715892e-16
1081.114990234375 2.241752995329909e-16
1081.31494140625 2.334534580815917e-16
1081.5150146484375 2.424672320497318e-16
1081.7149658203125 2.5192171904433623e-16
1081.9150390625 2.615840242809817e-16
1082.18798828125 2.750512264404338e-16
1082.31494140625 2.814616878082482e-16
1082.4420166015625 2.8772846347057386e-16
1082.696044921875 3.003226344540728e-16
1083.2049560546875 3.2567381181373803e-16
1083.7130126953125 3.5027458445147004e-16
1083.967041015625 3.622680893770307e-16
1084.220947265625 3.741595587163466e-16
1084.4749755859375 3.8577025004591447e-16
1084.72900390625 3.9669713721187323e-16
1084.9830322265625 4.0725356890545575e-16
1085.238037109375 4.174871401158673e-16
1085.5870361328125 4.3089138069800196e-16
1085.7459716796875 4.3679085347050647e-16
1085.905029296875 4.426948659618905e-16
1086.2230224609375 4.538238787065335e-16
1086.541015625 4.646890112839246e-16
1086.8590087890625 4.749877598868209e-16
1087.177001953125 4.848285733551226e-16
1087.81396484375 5.03493879734948e-16
1088.449951171875 5.21150431756128e-16
1088.803955078125 5.306704744531239e-16
1089.0860595703125 5.375286565880541e-16
1089.3680419921875 5.443021333334146e-16
1089.9329833984375 5.574732989835513e-16
1090.4969482421875 5.690511674250298e-16
1091.06103515625 5.792468355857487e-16
1091.625 5.884646987411359e-16
1092.18994140625 5.965736815159236e-16
1092.2659912109375 5.975959469426629e-16
1092.7540283203125 6.041563091072893e-16
1093.3179931640625 6.109060784318344e-16
1094.3699951171875 6.212338668237537e-16
1095.4229736328125 6.296232673131402e-16
1096.4749755859375 6.364008514232011e-16
1097.5279541015625 6.417672314929942e-16
1097.7879638671875 6.427031341724774e-16
1098.5799560546875 6.45279965079339e-16
1099.3719482421875 6.472485457153724e-16
1100.95703125 6.492311778622234e-16
1102.5419921875 6.490952024729267e-16
1103.8780517578125 6.472656957644728e-16
1104.1259765625 6.467068779881107e-16
1104.3740234375 6.461476999165993e-16
1104.8709716796875 6.444143920129737e-16
1105.863037109375 6.409540453413182e-16
1106.3189697265625 6.38964999940812e-16
1107.8480224609375 6.315906229456663e-16
1109.3759765625 6.222300108521781e-16
1110.489013671875 6.146746215740896e-16
1110.905029296875 6.117485205496229e-16
1112.4339599609375 6.006798932719807e-16
1114.3780517578125 5.866285626019374e-16
1117.155029296875 5.680481057297414e-16
1118.2679443359375 5.608078305891167e-16
1118.6839599609375 5.583273426051431e-16
1119.3800048828125 5.547751566999642e-16
1120.0760498046875 5.511048300153726e-16
1121.468994140625 5.436387579047633e-16
1123.7779541015625 5.309682944234276e-16
1124.2540283203125 5.283821679017174e-16
1124.72998046875 5.257639030527012e-16
1125.6820068359375 5.199811659085277e-16
1125.7900390625 5.192618006136955e-16
1127.5870361328125 5.0712201585757185e-16
1129.384033203125 4.939073986124452e-16
1130.66796875 4.833991383803067e-16
1131.1800537109375 4.792084734412841e-16
1131.6920166015625 4.749037750875495e-16
1132.717041015625 4.662581326880736e-16
1133.990966796875 4.556037367434318e-16
1134.7650146484375 4.496375012797861e-16
1134.7889404296875 4.494519853074786e-16
1135.5400390625 4.4369198278721765e-16
1135.93896484375 4.4066496309146847e-16
1137.0880126953125 4.319461447471962e-16
1138.237060546875 4.235477008495656e-16
1138.9830322265625 4.180953903866956e-16
1139.386962890625 4.1514305987536926e-16
1141.68603515625 3.972756271033801e-16
1144.387939453125 3.7572201466023583e-16
1144.7919921875 3.7231182107334475e-16
1147.0909423828125 3.5350596355582823e-16
1148.240966796875 3.4466179852915976e-16
1149.3900146484375 3.358251997006239e-16
1150.5389404296875 3.277311270350825e-16
1151.68896484375 3.196451623072439e-16
1153.5830078125 3.0593961688532374e-16
1153.987060546875 3.0299677885203746e-16
1154.239013671875 3.011606608664322e-16
1154.3909912109375 3.0005270812453366e-16
1155.199951171875 2.944114316981306e-16
1155.5279541015625 2.9212173743053723e-16
1156.8160400390625 2.831167706110474e-16
1158.10400390625 2.74091595599306e-16
1159.3929443359375 2.651769957697907e-16
1159.5450439453125 2.641849022073818e-16
1160.6810302734375 2.5677719608087425e-16
1160.7569580078125 2.562818523149935e-16
1161.968994140625 2.483050778150544e-16
1163.1820068359375 2.4021618905423726e-16
1164.39404296875 2.320692820350416e-16
1165.60595703125 2.240171650232671e-16
1166.8189697265625 2.160874903913698e-16
1168.031005859375 2.085097924537839e-16
1169.0909423828125 2.0193881698432688e-16
1169.2430419921875 2.0101772563994645e-16
1169.39501953125 2.0010139561312585e-16
1169.699951171875 1.9823644144970126e-16
1170.3079833984375 1.9451482008498938e-16
1171.5240478515625 1.8705994458385865e-16
1172.739990234375 1.7942286117570386e-16
1173.5169677734375 1.7450549983811893e-16
1173.95703125 1.7171712992989643e-16
1174.39697265625 1.6892751580765317e-16
1175.2769775390625 1.6348283940716598e-16
1176.156982421875 1.5814781887211906e-16
1177.0369873046875 1.529570760355228e-16
1177.91796875 1.4790674514422287e-16
1178.197998046875 1.4631504012853792e-16
1178.7979736328125 1.429843987896219e-16
1179.39794921875 1.3965332648864406e-16
1180.260009765625 1.349418797141088e-16
1180.5980224609375 1.3309270363084036e-16
1180.93603515625 1.3124250033197072e-16
1181.613037109375 1.2768386667342e-16
1182.9649658203125 1.2067946116136666e-16
1183.4659423828125 1.182047231703585e-16
1184.3170166015625 1.1404693366176666e-16
1185.16796875 1.0997500600007294e-16
1186.02001953125 1.0603163479341996e-16
1186.8709716796875 1.0218201191443576e-16
1187.7220458984375 9.841221583327127e-17
1187.7459716796875 9.830850188947132e-17
1188.572998046875 9.47914409553122e-17
1189.4000244140625 9.137796842349468e-17
1191.0550537109375 8.489199505485772e-17
1192.708984375 7.856396722226004e-17
1194.2490234375 7.291253759923579e-17
1194.3260498046875 7.26295245381253e-17
1194.364013671875 7.24900199856816e-17
1194.4019775390625 7.235050247242906e-17
1194.5550537109375 7.181493969956817e-17
1194.8599853515625 7.074769836997783e-17
1195.469970703125 6.861126362556217e-17
1196.4200439453125 6.528720078483423e-17
1196.68994140625 6.436478332189866e-17
1197.1650390625 6.274191364957995e-17
1197.9110107421875 6.025785739683656e-17
1198.656982421875 5.782709739126073e-17
1199.4029541015625 5.544717718060291e-17
1200.1490478515625 5.3189581157588984e-17
1200.89404296875 5.097468378062941e-17
1201.6400146484375 4.8798575236038027e-17
1202.385009765625 4.673911133836341e-17
1203.1309814453125 4.4741581177636556e-17
1203.3509521484375 4.417413901411305e-17
1203.8780517578125 4.2825320667815835e-17
1204.404052734375 4.154661378598091e-17
1205.45703125 3.9116036153002156e-17
1206.510009765625 3.6803479240163627e-17
1207.56201171875 3.458922525178331e-17
1207.8260498046875 3.403720183245031e-17
1208.4849853515625 3.265698009326215e-17
1208.615966796875 3.237801404456458e-17
1209.405029296875 3.0696311326173565e-17
1209.864990234375 2.9676003418597636e-17
1210.324951171875 2.8617023856069655e-17
1210.7850341796875 2.7504033352201562e-17
1211.2449951171875 2.6324723996928232e-17
1211.6390380859375 2.525248483894308e-17
1211.7049560546875 2.506747588225694e-17
1211.9019775390625 2.4503937563404012e-17
1212.1650390625 2.3725130835942288e-17
1212.427978515625 2.2912224605938857e-17
1212.6910400390625 2.2061936255701327e-17
1212.9539794921875 2.1169546089006437e-17
1213.0860595703125 2.070146918178015e-17
1213.218017578125 2.021344294233283e-17
1213.3489990234375 1.9705452544280676e-17
1213.48095703125 1.9172390091683544e-17
1213.612060546875 1.8020019357820308e-17
1213.7440185546875 1.2825102274192306e-17
1213.875 8.517771313247715e-18
1214.0059814453125 6.277299471870212e-18
1214.136962890625 5.412624552822337e-18
1214.2679443359375 5.143543445470918e-18
1214.3310546875 5.102437779773579e-18
1214.3990478515625 5.087413567302744e-18
1214.467041015625 5.0864542336076555e-18
1214.60302734375 5.090849510566134e-18
1214.6669921875 5.0931226484903004e-18
1214.7149658203125 5.0948274806449646e-18
1214.739013671875 5.095682231985336e-18
1214.762939453125 5.096532421677332e-18
1214.8070068359375 5.0980995140868295e-18
1214.8370361328125 5.099167386089437e-18
1214.8590087890625 5.099950186620513e-18
1214.9110107421875 5.101802767323448e-18
1214.947998046875 5.1030926671011184e-18
1214.9849853515625 5.104427133871137e-18
1215.0040283203125 5.105117719165719e-18
1215.02197265625 5.105728436215946e-18
1215.0400390625 5.106382923109738e-18
1215.0589599609375 5.107062440221313e-18
1215.0770263671875 5.107716959294325e-18
1215.094970703125 5.108327736990204e-18
1215.114013671875 5.109007740502358e-18
1215.1319580078125 5.109661869847078e-18
1215.1689453125 5.110963428292239e-18
1215.2430419921875 5.113589133817163e-18
1215.3909912109375 5.118895052384916e-18
1215.5389404296875 5.124179459077973e-18
1215.636962890625 5.127680201874639e-18
1215.68701171875 5.12984945161846e-18
1215.737060546875 5.1335600755040586e-18
1215.8370361328125 5.162430325180051e-18
1215.93701171875 5.264661547531086e-18
1216.0369873046875 5.564342741869984e-18
1216.136962890625 6.2427038434581695e-18
1216.1949462890625 6.845190361439884e-18
1216.237060546875 7.578479518561215e-18
1216.279052734375 8.573567393989896e-18
1216.363037109375 1.1211453997450081e-17
1216.531005859375 1.8037450269077493e-17
1216.698974609375 1.9650479250960987e-17
1216.866943359375 2.0351076333596065e-17
1217.0350341796875 2.101430927673626e-17
1217.2030029296875 2.1645311549308977e-17
1217.280029296875 2.1925085600360053e-17
1217.3709716796875 2.2250632990724285e-17
1217.4620361328125 2.256856056607852e-17
1217.64404296875 2.3188995303150414e-17
1218.008056640625 2.437855262616933e-17
1218.373046875 2.550631078070806e-17
1218.737060546875 2.6597380303460637e-17
1218.7950439453125 2.676801484364184e-17
1218.9849853515625 2.7327070632138244e-17
1219.1009521484375 2.7661011658978094e-17
1219.406982421875 2.854253101891169e-17
1219.8289794921875 2.971573455574971e-17
1220.2509765625 3.082997687090842e-17
1220.6729736328125 3.189518535398807e-17
1221.5169677734375 3.40029016136659e-17
1221.7919921875 3.470806841257255e-17
1222.4990234375 3.653669562475158e-17
1223.2049560546875 3.825931264616842e-17
1223.9129638671875 3.987087774331659e-17
1224.5689697265625 4.1412461447542257e-17
1224.6190185546875 4.153295745741598e-17
1224.6689453125 4.1654337420369013e-17
1224.76904296875 4.189933156452447e-17
1224.968994140625 4.2409104182444837e-17
1225.3690185546875 4.344170979994956e-17
1226.1689453125 4.5581997812598876e-17
1226.5689697265625 4.6629703652234216e-17
1226.968994140625 4.764854793015435e-17
1227.3690185546875 4.8523593554679245e-17
1227.76904296875 4.9419158702271174e-17
1228.1689453125 5.023122610926559e-17
1228.5689697265625 5.1043976369876695e-17
1228.968994140625 5.193540360804876e-17
1229.2530517578125 5.256869766207001e-17
1229.3310546875 5.277631488068609e-17
1229.3699951171875 5.28823969756598e-17
1229.4090576171875 5.2988373794618974e-17
1229.56494140625 5.3416849057283886e-17
1229.5760498046875 5.3447369897024024e-17
1229.876953125 5.435409951669934e-17
1230.177978515625 5.539234048293419e-17
1230.47900390625 5.655720678840452e-17
1230.780029296875 5.782137948829411e-17
1231.0810546875 5.924776818180422e-17
1231.3819580078125 6.080985146262322e-17
1231.6829833984375 6.246482914591228e-17
1231.9840087890625 6.41965151434998e-17
1232.5860595703125 6.786862449290434e-17
1232.7860107421875 6.917010067829169e-17
1233.18798828125 7.179321787153573e-17
1233.7900390625 7.576544727874905e-17
1234.7939453125 8.245383652737323e-17
1235.7989501953125 8.91626379825031e-17
1236.802978515625 9.588392402291135e-17
1237.8070068359375 1.0267499321010061e-16
1238.2120361328125 1.0543731318273713e-16
1238.81103515625 1.0962560456242175e-16
1239.4100341796875 1.1397895287799397e-16
1240.6080322265625 1.2321243434129823e-16
1241.8070068359375 1.3264732984863863e-16
1242.406005859375 1.3742495529051777e-16
1243.0050048828125 1.4226405468724352e-16
1243.60400390625 1.4720918156709426e-16
1243.9949951171875 1.505142096774807e-16
1244.2030029296875 1.5227317509775168e-16
1244.4110107421875 1.5403257246757174e-16
1244.8270263671875 1.5771626518832283e-16
1245.6590576171875 1.650602113054582e-16
1247.322998046875 1.7929192352313667e-16
1248.56396484375 1.8974498806872662e-16
1248.988037109375 1.9342269454409931e-16
1249.4119873046875 1.9717461175409628e-16
1250.260009765625 2.052460946201399e-16
1251.1080322265625 2.1322808640135052e-16
1251.196044921875 2.1405889947977105e-16
1252.803955078125 2.2888968253382036e-16
1253.6080322265625 2.3609931372423216e-16
1254.4129638671875 2.4334178687102054e-16
1255.217041015625 2.512261457953488e-16
1256.02099609375 2.5963238444166275e-16
1256.824951171875 2.680422453892829e-16
1257.6290283203125 2.7654455264823685e-16
1259.06103515625 2.906487674000119e-16
1259.237060546875 2.923037301848264e-16
1259.4129638671875 2.939578850323415e-16
1259.7650146484375 2.9752283356441745e-16
1260.468994140625 3.046560245627306e-16
1261.1729736328125 3.120552782915483e-16
1261.8780517578125 3.196614465324649e-16
1262.157958984375 3.227047830964295e-16
1262.58203125 3.2755112411756137e-16
1263.2860107421875 3.3595843602082435e-16
1264.4139404296875 3.496833749974922e-16
1265.5419921875 3.6148372854267456e-16
1266.6700439453125 3.735429726541223e-16
1267.7979736328125 3.8707367491520256e-16
1268.43798828125 3.950840096866573e-16
1268.926025390625 4.012625576840111e-16
1269.4150390625 4.074354398286585e-16
1270.27197265625 4.1814046595360306e-16
1270.3909912109375 4.196280764404148e-16
1272.343017578125 4.441035614506623e-16
1273.5579833984375 4.594572489721434e-16
1274.4150390625 4.703006036927029e-16
1276.487060546875 4.967177108682671e-16
1279.416015625 5.339762822499806e-16
1280.27294921875 5.451805580656248e-16
1282.343994140625 5.725769292627258e-16
1284.416015625 6.01106745774598e-16
1287.7039794921875 6.48147748562123e-16
1287.843017578125 6.501381220659621e-16
1288.56005859375 6.604071904794098e-16
1289.4169921875 6.726899467796549e-16
1289.487060546875 6.73662876759276e-16
1291.1300048828125 6.964963797660653e-16
1292.7740478515625 7.186804360602029e-16
1294.4169921875 7.402568680293714e-16
1295.991943359375 7.610494271590101e-16
1297.7049560546875 7.827996990235352e-16
1299.41796875 8.035244371039561e-16
1301.27099609375 8.258739220343982e-16
1302.843994140625 8.454191126399583e-16
1304.41796875 8.65385574816658e-16
1305.7120361328125 8.831231948488486e-16
1307.5660400390625 9.090426570982018e-16
1309.4189453125 9.35925368221681e-16
1311.8310546875 9.737570588543348e-16
1313.125 9.93295562733888e-16
1314.4189453125 1.012800104348957e-15
1315.7130126953125 1.0317035856089617e-15
1317.0069580078125 1.050402298754514e-15
1317.1839599609375 1.0525994279505262e-15
1318.301025390625 1.066225803898219e-15
1319.4200439453125 1.0780336442249994e-15
1320.5379638671875 1.0896495099562487e-15
1321.1259765625 1.0956607799142362e-15
1322.77294921875 1.1112907512591812e-15
1324.4200439453125 1.1212771261444793e-15
1326.0670166015625 1.1292083151304478e-15
1329.302001953125 1.1419613128920594e-15
1329.3609619140625 1.1421801381766884e-15
1329.4200439453125 1.1423992798139938e-15
1329.5379638671875 1.1429360286321305e-15
1329.7750244140625 1.1440154189542267e-15
1330.248046875 1.146169906498953e-15
1331.1939697265625 1.1504807547248258e-15
1331.7530517578125 1.1530302249410962e-15
1333.0860595703125 1.1613322198709284e-15
1334.4210205078125 1.1699742046263773e-15
1334.7559814453125 1.1720692788270897e-15
1337.0880126953125 1.186620859874885e-15
1338.2550048828125 1.1938971728084411e-15
1339.4210205078125 1.2042050929860973e-15
1340.5870361328125 1.216424337812009e-15
1341.7540283203125 1.2324332625959284e-15
1343.751953125 1.2652775940301862e-15
1344.0860595703125 1.2714923141533255e-15
1344.4210205078125 1.277724800076868e-15
1345.0899658203125 1.2907764894934017e-15
1346.427978515625 1.3169041588446351e-15
1347.7659912109375 1.3424851262934102e-15
1348.7879638671875 1.359615918080573e-15
1349.10400390625 1.3644760209456878e-15
1349.4210205078125 1.3693521817251418e-15
1350.053955078125 1.3782043881512455e-15
1351.321044921875 1.3939690321342198e-15
1353.291015625 1.4138451285176467e-15
1353.85595703125 1.4193240294498555e-15
1354.4219970703125 1.4248157119729527e-15
1355.552978515625 1.4358638689162999e-15
1356.2099609375 1.4422858430188697e-15
1357.8160400390625 1.4576950469374729e-15
1359.4219970703125 1.4716874121232883e-15
1360.2249755859375 1.4755462460350373e-15
1361.0279541015625 1.4783779839176899e-15
1361.8310546875 1.4787472012011771e-15
1362.634033203125 1.4759815373593493e-15
1363.43701171875 1.4685087033248753e-15
1364.0570068359375 1.4606219100341673e-15
1364.239990234375 1.4577930519294467e-15
1364.4219970703125 1.4549786901076983e-15
1364.5260009765625 1.4532010790714883e-15
1364.7869873046875 1.4487393613323055e-15
1365.1910400390625 1.4412115926490785e-15
1365.5159912109375 1.4342567511376036e-15
1366.9739990234375 1.3995601820298119e-15
1367.3070068359375 1.3906778076127349e-15
1369.4219970703125 1.3331722894872435e-15
1370.47998046875 1.304884799644167e-15
1371.5369873046875 1.2786579023997612e-15
1372.594970703125 1.2546837623643854e-15
1373.60302734375 1.234590981882441e-15
1373.6529541015625 1.2336047522619227e-15
1373.7030029296875 1.2326303420944872e-15
1373.802978515625 1.2306813576039518e-15
1374.0030517578125 1.2272935504016992e-15
1374.4029541015625 1.2209318365153813e-15
1375.2030029296875 1.2082504635591674e-15
1375.7220458984375 1.2013892764190863e-15
1376.345947265625 1.1931100898877423e-15
1376.802978515625 1.187614673475336e-15
1377.884033203125 1.1750523579339196e-15
1379.4219970703125 1.1570618241170157e-15
1380.573974609375 1.1420186511337456e-15
1380.9599609375 1.1369760124415207e-15
1382.4990234375 1.1131698092117652e-15
1383.27099609375 1.0996774482785643e-15
1384.4229736328125 1.079528950184302e-15
1384.8089599609375 1.071986485190798e-15
1386.3470458984375 1.041862689425865e-15
1387.885009765625 1.013897714339207e-15
1388.654052734375 1.0011037952915294e-15
1389.0379638671875 9.950580582595904e-16
1389.4229736328125 9.889956664874754e-16
1389.8079833984375 9.851608308914328e-16
1390.1920166015625 9.81571947896307e-16
1390.5770263671875 9.782083431251861e-16
1390.9610595703125 9.748151272517141e-16
1391.345947265625 9.71421460642576e-16
1391.72998046875 9.680422292944393e-16
1392.114990234375 9.652762766076124e-16
1392.4990234375 9.659248673948506e-16
1392.884033203125 9.681323935252888e-16
1393.2679443359375 9.703636342316321e-16
1393.6510009765625 9.725988966937243e-16
1394.0369873046875 9.74859375968599e-16
1394.4229736328125 9.771250006639437e-16
1395.1949462890625 9.816677026232515e-16
1395.5810546875 9.839508109668776e-16
1395.967041015625 9.862362044516406e-16
1396.35302734375 9.918033085844751e-16
1396.739013671875 1.0002898437797891e-15
1397.510986328125 1.0179242590872755e-15
1398.282958984375 1.0357784867318732e-15
1398.68701171875 1.045221150667288e-15
1399.0550537109375 1.0560474032986193e-15
1399.4229736328125 1.0684423649425495e-15
1399.791015625 1.0809961735198217e-15
1400.5269775390625 1.1086963432660158e-15
1401.262939453125 1.1392719457002258e-15
1401.9990234375 1.1730159582746758e-15
1402.51904296875 1.1982975160177607e-15
1402.7349853515625 1.2089246315244631e-15
1403.470947265625 1.248887568530719e-15
1404.4229736328125 1.3035411264785313e-15
1405.375 1.3634465168326907e-15
1406.3270263671875 1.4269157004550776e-15
1407.0389404296875 1.4761091688487208e-15
1408.23095703125 1.5643447959123798e-15
1409.4229736328125 1.6548418929035457e-15
1410.614990234375 1.748751550567425e-15
1411.8070068359375 1.8423424557461806e-15
1412.9990234375 1.935424698713433e-15
1413.958984375 2.0084465056374765e-15
1414.1910400390625 2.025873110005368e-15
1414.4229736328125 2.0432933046444382e-15
1414.886962890625 2.0765982832188497e-15
1415.81494140625 2.1416139247989113e-15
1415.9189453125 2.14872406207938e-15
1416.7430419921875 2.203523568759343e-15
1416.7950439453125 2.2069093069371193e-15
1417.6710205078125 2.260351026086781e-15
1418.5469970703125 2.3100071392627097e-15
1419.4229736328125 2.3571668355963104e-15
1420.2989501953125 2.3984176606849045e-15
1421.175048828125 2.4367218138636143e-15
1421.4310302734375 2.4470870353741716e-15
1422.927001953125 2.501992037868642e-15
1424.4229736328125 2.5470367112901152e-15
1425.406982421875 2.5715423929945163e-15
1425.9189453125 2.5833578538300603e-15
1427.4150390625 2.612784747831166e-15
1429.4229736328125 2.6448346818991783e-15
1431.4310302734375 2.6695001793612543e-15
1432.4549560546875 2.680124062971619e-15
1433.3590087890625 2.6884983022155594e-15
1433.43896484375 2.6891863935793054e-15
1434.4229736328125 2.697655068786082e-15
1436.3909912109375 2.711130105953396e-15
1439.4229736328125 2.726355938312987e-15
1444.4219970703125 2.7394426611584475e-15
1449.4219970703125 2.743140149658858e-15
1454.4219970703125 2.7420831313424654e-15
1459.4219970703125 2.7389734651701145e-15
1464.4219970703125 2.73570419085918e-15
1465.9599609375 2.7347874042836493e-15
1469.4219970703125 2.7327159041394473e-15
1472.884033203125 2.7306021705310957e-15
1473.2679443359375 2.7303408079949632e-15
1474.4219970703125 2.7295581072706766e-15
1476.344970703125 2.7280740985115084e-15
1479.4210205078125 2.725327828121821e-15
1484.4210205078125 2.7198599769979228e-15
1489.4210205078125 2.7131255363355553e-15
1494.4210205078125 2.7051850905449264e-15
1499.4200439453125 2.6959284605608847e-15
1504.4200439453125 2.6851135827303506e-15
1509.4200439453125 2.6719589877008755e-15
1514.4200439453125 2.6556714155618656e-15
1519.4189453125 2.6360321507415442e-15
1524.4189453125 2.613590329207009e-15
1529.4189453125 2.589190915225131e-15
1534.41796875 2.5638521295192674e-15
1539.41796875 2.5386222693328313e-15
1544.41796875 2.514183706481578e-15
1549.4169921875 2.4899794238071125e-15
1554.4169921875 2.4656849121293152e-15
1559.4169921875 2.4406388618227124e-15
1564.416015625 2.4150256914648726e-15
1566.7239990234375 2.4031670751755362e-15
1569.416015625 2.389254672271049e-15
1570.18603515625 2.3855090777636536e-15
1572.1070556640625 2.3761033049414924e-15
1574.4150390625 2.364743774344738e-15
1574.800048828125 2.362818386151249e-15
1579.4150390625 2.342588969964776e-15
1584.4139404296875 2.323977056685006e-15
1589.4139404296875 2.3096070795521548e-15
1594.4129638671875 2.299821695493197e-15
1599.4129638671875 2.2949210650916566e-15
1604.4129638671875 2.2948603967597202e-15
1609.4119873046875 2.297745186378801e-15
1614.4119873046875 2.302555510980601e-15
1619.4110107421875 2.3081881530909934e-15
1624.4100341796875 2.3138733328342787e-15
1629.4100341796875 2.3186366476975457e-15
1634.4090576171875 2.321551717510012e-15
1639.4090576171875 2.3223420738840263e-15
1644.407958984375 2.320914596962276e-15
1649.407958984375 2.317257447408633e-15
1654.406982421875 2.311596008588867e-15
1659.406982421875 2.30427985482737e-15
1664.406005859375 2.2956335868227526e-15
1665.56005859375 2.293469249197809e-15
1669.405029296875 2.2857584244261666e-15
1670.1739501953125 2.2841740776669583e-15
1673.2509765625 2.277611688738135e-15
1674.405029296875 2.275072153709619e-15
1676.3280029296875 2.2707975027303898e-15
1679.404052734375 2.263819533001992e-15
1684.404052734375 2.252188232507329e-15
1689.4029541015625 2.240240882547485e-15
1694.4019775390625 2.2279559954302956e-15
1699.4019775390625 2.215518337417555e-15
1704.4010009765625 2.2029921010214533e-15
1709.4000244140625 2.1904652778658993e-15
1714.4000244140625 2.1779502515686757e-15
1719.3990478515625 2.1652911553475602e-15
1724.39794921875 2.152616731279207e-15
1729.39794921875 2.1400069562115744e-15
1734.39697265625 2.1274742522378357e-15
1739.39599609375 2.1150187426688533e-15
1744.39599609375 2.102531488791897e-15
1749.39501953125 2.0900351085901944e-15
1754.39404296875 2.0776306193840453e-15
1759.3929443359375 2.0653186758772437e-15
1764.3929443359375 2.0531113121403793e-15
1767.083984375 2.046581398249994e-15
1767.85400390625 2.044719589046473e-15
1769.3919677734375 2.0409441927893652e-15
1771.699951171875 2.035268089662634e-15
1774.3909912109375 2.0286651705396502e-15
1775.5450439453125 2.025828860575247e-15
1779.3909912109375 2.0164442240673342e-15
1784.3900146484375 2.004344134967792e-15
1789.3890380859375 1.992339282801624e-15
1794.387939453125 1.9804424430551978e-15
1799.386962890625 1.9684150714424904e-15
1809.385986328125 1.944408242016547e-15
1823.9990234375 1.9101050882700977e-15
1829.383056640625 1.8972915510384985e-15
1834.7669677734375 1.8845698477827094e-15
1845.5350341796875 1.8594426742258762e-15
1863.998046875 1.816508533157753e-15
1867.072021484375 1.8093739866501544e-15
1870.14501953125 1.8022724138971058e-15
1876.2919921875 1.788240774518812e-15
1888.5860595703125 1.7601606373007652e-15
1906.97998046875 1.7179753790091079e-15
1913.1739501953125 1.7040843896482882e-15
1919.3680419921875 1.6898907948323822e-15
1931.7550048828125 1.6614183024938208e-15
1944.4720458984375 1.6328147972804783e-15
1956.531005859375 1.6051785849009485e-15
1967.60302734375 1.579844804532668e-15
1968.5899658203125 1.5776035763329732e-15
1992.70703125 1.5228238886540107e-15
1993.2010498046875 1.5217055535844193e-15
2017.81103515625 1.4664632122874002e-15
2042.4219970703125 1.412277178804013e-15
2067.031982421875 1.359437888245812e-15
2091.64208984375 1.310361814487581e-15
2116.202880859375 1.2661906019900687e-15
2116.251953125 1.2660976887854366e-15
2116.302978515625 1.2660150471472387e-15
2116.403076171875 1.2658394273772025e-15
2116.60302734375 1.2654885095314179e-15
2117.0029296875 1.2647978142931435e-15
2117.802978515625 1.263405972342383e-15
2118.1220703125 1.262847564728076e-15
2119.402099609375 1.2606249431755513e-15
2122.60205078125 1.2551048135726303e-15
2129.0 1.2442845381396224e-15
2141.798095703125 1.2269655505414253e-15
2165.47412109375 1.1957146024344936e-15
2210.95703125 1.1556700945709073e-15
2212.825927734375 1.1547425751379687e-15
2214.695068359375 1.15382354028183e-15
2217.7958984375 1.1522812087121412e-15
2218.431884765625 1.151976501458909e-15
2225.906005859375 1.1483172476808708e-15
2240.85498046875 1.1410722069261684e-15
2263.9140625 1.1316830074256376e-15
2306.929931640625 1.1183753846703207e-15
2310.031982421875 1.1174215284592147e-15
2313.134033203125 1.1164750665478927e-15
2319.339111328125 1.1145958783860227e-15
2331.748046875 1.1108730331955934e-15
2350.779052734375 1.1048277850179681e-15
2356.56689453125 1.1026344706755972e-15
2362.35400390625 1.1004509774841971e-15
2373.929931640625 1.096132890741873e-15
2384.886962890625 1.0920822261954721e-15
2397.0810546875 1.0873632317363446e-15
2409.27392578125 1.0816127734582867e-15
2411.1259765625 1.080746721528265e-15
2433.659912109375 1.070278082929056e-15
2451.594970703125 1.0614925558470332e-15
2456.194091796875 1.058963380791029e-15
2460.79296875 1.0564473745823894e-15
2466.760986328125 1.0531996532212611e-15
2469.990966796875 1.0514462836799028e-15
2488.386962890625 1.0415653103126796e-15
2510.012939453125 1.0294423212613166e-15
2547.297119140625 1.0074489941817777e-15
2553.264892578125 1.0039989712455928e-15
2559.23193359375 1.0002819764678666e-15
2571.1669921875 9.92807815337462e-16
2595.0380859375 9.78102163294833e-16
2627.886962890625 9.577943866025462e-16
2642.779052734375 9.484465337595526e-16
2657.669921875 9.392274741258647e-16
2687.452880859375 9.208964668928438e-16
2737.928955078125 8.904087436917044e-16
2747.01904296875 8.849964960456149e-16
2756.10791015625 8.796280546344305e-16
2766.748046875 8.734077140062595e-16
2774.2880859375 8.69032290847768e-16
2810.64697265625 8.482737497487422e-16
2854.5458984375 8.236808983739654e-16
2898.446044921875 7.998370513790734e-16
2931.7060546875 7.82240495131014e-16
2942.344970703125 7.767050881924156e-16
2952.98291015625 7.711713172907703e-16
2974.260009765625 7.601797860773797e-16
2982.2060546875 7.561247233459081e-16
3016.81298828125 7.387822529236003e-16
3051.4208984375 7.21745767052085e-16
3091.4140625 7.026330358383017e-16
3120.635009765625 6.889790818883933e-16
3149.85693359375 6.755408582726049e-16
3168.305908203125 6.672281028443728e-16
3208.300048828125 6.495238313200089e-16
3248.2939453125 6.322322641126151e-16
3288.2880859375 6.156819317240574e-16
3309.8330078125 6.066007773831137e-16
3322.0859375 6.016114216136523e-16
3328.281982421875 5.991055566591961e-16
3346.72998046875 5.917224546689254e-16
3383.626953125 5.773034145243718e-16
3445.1669921875 5.539380283305458e-16
3469.81103515625 5.44916967496853e-16
3495.922119140625 5.355149254196396e-16
3506.70703125 5.316762240785369e-16
3543.60205078125 5.18787659854637e-16
3591.282958984375 5.027062051011121e-16
3635.884033203125 4.880905342633802e-16
3638.962890625 4.871033039147066e-16
3642.0419921875 4.861157743428326e-16
3643.1220703125 4.857746457903023e-16
3645.12109375 4.851425597409128e-16
3645.281005859375 4.850907769269158e-16
3647.12109375 4.845059528752084e-16
3648.9599609375 4.839209414927017e-16
3651.320068359375 4.831727720757813e-16
3652.638916015625 4.827536195919174e-16
3653.958984375 4.823344401353506e-16
3654.239013671875 4.822445315415679e-16
3656.597900390625 4.815017781320698e-16
3658.9580078125 4.807573533512161e-16
3663.39697265625 4.793594130057367e-16
3663.676025390625 4.79269448223471e-16
3663.9560546875 4.791794527541384e-16
3664.51611328125 4.790038748485837e-16
3665.635986328125 4.786526329681866e-16
3666.7958984375 4.782892181186924e-16
3667.875 4.779515892802963e-16
3668.27490234375 4.778277875371713e-16
3668.955078125 4.776139464492757e-16
3671.114990234375 4.768786701459949e-16
3673.9541015625 4.759876696384137e-16
3675.201904296875 4.755981114276295e-16
3678.951904296875 4.744308208668356e-16
3682.5830078125 4.732954085323657e-16
3682.702880859375 4.732615877196849e-16
3682.822021484375 4.732233760569196e-16
3683.06201171875 4.731454139086809e-16
3683.177978515625 4.73111501966311e-16
3683.5419921875 4.729954852846159e-16
3684.501953125 4.726999804091982e-16
3684.819091796875 4.726018481316597e-16
3685.825927734375 4.722898283824637e-16
3686.83203125 4.719761835260226e-16
3688.741943359375 4.713817198547264e-16
3688.845947265625 4.713519409818815e-16
3688.93896484375 4.713218095328589e-16
3688.949951171875 4.713176850841244e-16
3689.157958984375 4.712536489769338e-16
3689.376953125 4.711840116127558e-16
3689.72998046875 4.710778989058427e-16
3689.81494140625 4.710520072622873e-16
3689.89990234375 4.710217402270315e-16
3690.070068359375 4.709700631118498e-16
3690.409912109375 4.708635917140338e-16
3690.6240234375 4.707996852027961e-16
3691.089111328125 4.70653679534691e-16
3691.468994140625 4.70537882347532e-16
3691.553955078125 4.705120370209821e-16
3691.699951171875 4.704641257984422e-16
3692.48388671875 4.702199354041083e-16
3693.4990234375 4.699078131905233e-16
3694.39697265625 4.696296340613919e-16
3695.297119140625 4.693514288819869e-16
3695.80810546875 4.691917412150729e-16
3696.197021484375 4.690717172412547e-16
3696.52490234375 4.689737642713256e-16
3696.5859375 4.689531644101461e-16
3696.64697265625 4.689355160832122e-16
3696.666015625 4.689315715179596e-16
3696.759033203125 4.689014678627007e-16
3696.76904296875 4.688973183179523e-16
3696.8720703125 4.688674414117853e-16
3696.928955078125 4.688496984233521e-16
3696.985107421875 4.688334145746747e-16
3697.041015625 4.688155983467181e-16
3697.096923828125 4.687978329107468e-16
3697.153076171875 4.687771720720152e-16
3697.208984375 4.687594064289125e-16
3697.264892578125 4.687430656681798e-16
3697.322021484375 4.687253784045285e-16
3697.346923828125 4.687215154843834e-16
3697.405029296875 4.686994225782969e-16
3697.43408203125 4.686913278496837e-16
3697.462890625 4.686831766687227e-16
3697.4990234375 4.686737156494332e-16
3697.529052734375 4.686612153089732e-16
3697.5791015625 4.686477438437392e-16
3697.658935546875 4.686231913036006e-16
3697.819091796875 4.685755726163981e-16
3698.10888671875 4.68485494091146e-16
3698.428955078125 4.683873450334715e-16
3698.68798828125 4.68305369019207e-16
3698.885986328125 4.682454204979804e-16
3698.947021484375 4.68223390876675e-16
3699.008056640625 4.682072142190526e-16
3699.1298828125 4.681689510458118e-16
3699.3740234375 4.680910601254314e-16
3699.532958984375 4.680433545223857e-16
3699.862060546875 4.679409676852418e-16
3699.87890625 4.679370226771374e-16
3700.19091796875 4.678430001921604e-16
3700.197998046875 4.67838833995584e-16
3700.5029296875 4.677446482462441e-16
3700.80810546875 4.676490399136016e-16
3700.842041015625 4.676410018393519e-16
3701.092041015625 4.675646555638962e-16
3701.41796875 4.674607557709301e-16
3701.993896484375 4.67284877026191e-16
3702.444091796875 4.671486014194215e-16
3702.89501953125 4.670064820045161e-16
3703.12109375 4.669383353546276e-16
3703.345947265625 4.668702104925557e-16
3703.4580078125 4.6683613921374235e-16
3703.571044921875 4.668006132822813e-16
3703.6279296875 4.667843347644175e-16
3703.68408203125 4.667665632808325e-16
3703.739990234375 4.667502625206649e-16
3703.797119140625 4.667325128929937e-16
3703.85302734375 4.66716211944672e-16
3703.908935546875 4.666940055103214e-16
3703.966064453125 4.666762555715325e-16
3704.02197265625 4.666599543274817e-16
3704.0849609375 4.666423364750905e-16
3704.134033203125 4.666258298024489e-16
3704.18505859375 4.666123707864797e-16
3704.2099609375 4.666041256491753e-16
3704.221923828125 4.666000175047693e-16
3704.284912109375 4.665823992855345e-16
3704.31396484375 4.665698695344807e-16
3704.360107421875 4.665562491265845e-16
3704.406005859375 4.665440995289791e-16
3704.490966796875 4.665182203932645e-16
3704.56689453125 4.6649213716366395e-16
3704.590087890625 4.664882314304075e-16
3704.68896484375 4.664582366595065e-16
3704.81103515625 4.664200083211122e-16
3705.054931640625 4.663420173906838e-16
3705.373046875 4.6624370474368665e-16
3705.54296875 4.66191890268379e-16
3705.712890625 4.661415004740741e-16
3706.052001953125 4.660379015293148e-16
3706.072998046875 4.660295668303647e-16
3706.73193359375 4.65827625733834e-16
3707.26708984375 4.656653475193123e-16
3707.39111328125 4.656271533849213e-16
3707.514892578125 4.65587476669794e-16
3707.614013671875 4.655574785284352e-16
3707.762939453125 4.655110350904853e-16
3707.912109375 4.65463046230521e-16
3708.117919921875 4.654032158922116e-16
3708.2099609375 4.653730329737887e-16
3708.302001953125 4.65342849780589e-16
3708.486083984375 4.652869125949658e-16
3708.762939453125 4.652021810108831e-16
3708.85400390625 4.65176455508561e-16
3708.873046875 4.651724491060789e-16
3708.945068359375 4.65146197809042e-16
3709.126953125 4.65090208165404e-16
3709.2060546875 4.650685439175209e-16
3709.490966796875 4.649781803574267e-16
3710.10791015625 4.647897342432044e-16
3710.902099609375 4.645451231110483e-16
3711.010986328125 4.645109267707278e-16
3711.1201171875 4.6448111514258e-16
3711.212890625 4.64450939806802e-16
3711.322998046875 4.644167695478254e-16
3711.337890625 4.644127206627348e-16
3711.462890625 4.643730241597391e-16
3711.51708984375 4.643566071912655e-16
3711.575927734375 4.643388671931351e-16
3711.60302734375 4.643306586280186e-16
3711.68896484375 4.643047607712331e-16
3711.74609375 4.642869825185572e-16
3711.802001953125 4.642706539669506e-16
3711.85791015625 4.642528484114805e-16
3711.9150390625 4.642365467802841e-16
3711.970947265625 4.64218690102307e-16
3712.027099609375 4.64202417528295e-16
3712.083984375 4.641845823387868e-16
3712.139892578125 4.641667762962478e-16
3712.202880859375 4.641461734631983e-16
3712.251953125 4.641326462764652e-16
3712.302978515625 4.641162084924563e-16
3712.326904296875 4.641079288771334e-16
3712.3310546875 4.641080210108593e-16
3712.403076171875 4.640861922947724e-16
3712.47900390625 4.640600701870256e-16
3712.631103515625 4.640180167874841e-16
3712.930908203125 4.639220455808327e-16
3713.22802734375 4.638319709179602e-16
3713.531005859375 4.637375415433882e-16
3713.8330078125 4.636475697687599e-16
3714.241943359375 4.635232939157395e-16
3714.419921875 4.634671883463387e-16
3714.43896484375 4.63463179207417e-16
3714.635986328125 4.634030633249115e-16
3715.030029296875 4.632828789730534e-16
3715.639892578125 4.63094172436029e-16
3716.764892578125 4.627512544993105e-16
3716.7900390625 4.627415211981455e-16
3716.860107421875 4.627210658765697e-16
3716.955078125 4.62690973447095e-16
3717.14501953125 4.626351177177358e-16
3717.52392578125 4.625189495545919e-16
3718.18896484375 4.623123129561217e-16
3718.259033203125 4.6229190566718e-16
3718.3291015625 4.622699699220252e-16
3718.468994140625 4.622261944656793e-16
3718.555908203125 4.622017268566662e-16
3718.631103515625 4.62179954759756e-16
3718.73388671875 4.621455466996199e-16
3718.7490234375 4.621414490957542e-16
3718.94189453125 4.620856479723602e-16
3719.2529296875 4.619870132588856e-16
3719.47412109375 4.619215437792703e-16
3719.77197265625 4.618269941891827e-16
3720.070068359375 4.617368287355061e-16
3720.35595703125 4.616523011269824e-16
3720.52294921875 4.616003011296935e-16
3720.666015625 4.615565353924258e-16
3720.97607421875 4.614622442732941e-16
3721.201904296875 4.613939616179777e-16
3721.427978515625 4.613211991011923e-16
3721.5419921875 4.612856540053088e-16
3721.655029296875 4.612515136165438e-16
3721.7109375 4.61235168618186e-16
3721.76806640625 4.612173728451201e-16
3721.824951171875 4.612009982508368e-16
3721.881103515625 4.611831807385711e-16
3721.93798828125 4.611668569085402e-16
3721.9951171875 4.611490607418572e-16
3722.051025390625 4.611312375501223e-16
3722.10791015625 4.61114913435889e-16
3722.220947265625 4.610807201790358e-16
3722.39794921875 4.610289313791092e-16
3722.447021484375 4.610109567618928e-16
3722.498046875 4.609989357840001e-16
3722.597900390625 4.609688325997014e-16
3722.695068359375 4.609387208629433e-16
3722.798095703125 4.60904355906763e-16
3722.90087890625 4.608744182994373e-16
3723.10693359375 4.608144510197208e-16
3723.23095703125 4.607761143252536e-16
3723.51904296875 4.606901305245986e-16
3723.806884765625 4.605996546582652e-16
3724.383056640625 4.604276746495243e-16
3725.450927734375 4.601037395162025e-16
3725.533935546875 4.600791683081096e-16
3725.616943359375 4.600531190121461e-16
3725.7509765625 4.600135661823462e-16
3725.782958984375 4.600025486371222e-16
3725.916015625 4.599629736607064e-16
3725.930908203125 4.599588675826114e-16
3726.114990234375 4.599028323485667e-16
3726.47900390625 4.597920945192841e-16
3727.0419921875 4.596212058412009e-16
3727.365966796875 4.595227779799782e-16
3728.153076171875 4.592848830393199e-16
3728.638916015625 4.591357685346859e-16
3728.93994140625 4.590441098722437e-16
3729.009033203125 4.590236079254642e-16
3729.239990234375 4.589524270374147e-16
3729.842041015625 4.587691979911993e-16
3730.676025390625 4.585132592547178e-16
3732.194091796875 4.580493689221928e-16
3732.343994140625 4.580027966932187e-16
3732.493896484375 4.579562237728486e-16
3732.7939453125 4.5786450861845605e-16
3733.35205078125 4.576934057731359e-16
3733.384033203125 4.57683858851038e-16
3733.39306640625 4.576810997311835e-16
3733.402099609375 4.576783406088595e-16
3733.451904296875 4.576633719867998e-16
3733.552001953125 4.57633241285327e-16
3733.64794921875 4.576045488769241e-16
3733.751953125 4.575730756048347e-16
3733.85595703125 4.575401745219145e-16
3734.00390625 4.574964579146442e-16
3734.0439453125 4.574841806876127e-16
3734.06396484375 4.57477277323384e-16
3734.083984375 4.574718524296665e-16
3734.131103515625 4.574582005531766e-16
3734.139892578125 4.574554868705646e-16
3734.1640625 4.574471957670801e-16
3734.197021484375 4.57437618454807e-16
3734.25390625 4.574213250578733e-16
3734.31103515625 4.574034564445062e-16
3734.367919921875 4.573871118760756e-16
3734.425048828125 4.573692940480021e-16
3734.48193359375 4.573529492906994e-16
3734.5390625 4.573351312652911e-16
3734.652099609375 4.573024252601307e-16
3734.8291015625 4.572490418270424e-16
3734.8779296875 4.572354772848675e-16
3734.928955078125 4.572204821859028e-16
3735.029052734375 4.571903470803733e-16
3735.1240234375 4.571616291098023e-16
3735.173095703125 4.571480694954175e-16
3735.22900390625 4.571316511691747e-16
3735.333984375 4.5710024532866995e-16
3735.39111328125 4.570824258356232e-16
3735.4951171875 4.57052425736026e-16
3735.81689453125 4.569582521924018e-16
3736.0 4.569035684106567e-16
3736.242919921875 4.568325999996615e-16
3736.486083984375 4.567616352116328e-16
3736.970947265625 4.566196685047331e-16
3737.825927734375 4.563669153110387e-16
3737.943115234375 4.563328103734016e-16
3738.06005859375 4.562986997106565e-16
3738.2939453125 4.562289984156323e-16
3738.5869140625 4.561429919419583e-16
3738.761962890625 4.560910751166924e-16
3738.93701171875 4.560391063960211e-16
3739.287109375 4.559337893856512e-16
3739.498046875 4.558724014289364e-16
3739.987060546875 4.55727575782795e-16
3740.47607421875 4.55582692114395e-16
3741.2119140625 4.553624969755236e-16
3741.452880859375 4.552900211022693e-16
3741.694091796875 4.552174468121077e-16
3742.092041015625 4.550955472033381e-16
3742.176025390625 4.550710073490521e-16
3742.260009765625 4.550449372256585e-16
3742.427978515625 4.549943264053855e-16
3742.6708984375 4.549217822602241e-16
3742.73291015625 4.549026282719048e-16
3742.763916015625 4.548930002302522e-16
3742.794921875 4.548834231624999e-16
3742.864013671875 4.548629438725492e-16
3742.9189453125 4.548464916989684e-16
3743.1669921875 4.547726784137355e-16
3743.6630859375 4.546220370676301e-16
3744.6201171875 4.543287925598533e-16
3744.654052734375 4.543177981771697e-16
3746.445068359375 4.537638538742505e-16
3747.60498046875 4.534045278293769e-16
3748.26904296875 4.531973124393224e-16
3748.843994140625 4.530218756965416e-16
3748.904052734375 4.530026166801326e-16
3748.93408203125 4.529944921729386e-16
3748.964111328125 4.529848370861479e-16
3748.986083984375 4.529780175083119e-16
3749.083984375 4.529477927458925e-16
3749.117919921875 4.529382731641459e-16
3749.181884765625 4.529190982617396e-16
3749.3779296875 4.528602341796347e-16
3749.408935546875 4.528505998339041e-16
3749.637939453125 4.527821931839824e-16
3749.7529296875 4.527465712784233e-16
3749.866943359375 4.527137849811324e-16
3749.924072265625 4.526959402422102e-16
3749.98095703125 4.526795187040081e-16
3750.0380859375 4.526617247885222e-16
3750.094970703125 4.52645303060954e-16
3750.152099609375 4.526289375476655e-16
3750.208984375 4.526110870312529e-16
3750.26611328125 4.525962009574297e-16
3750.322998046875 4.52579829880864e-16
3750.43701171875 4.525470417129425e-16
3750.615966796875 4.524951477234492e-16
3750.6650390625 4.52481515286534e-16
3750.716064453125 4.524664964147469e-16
3750.81591796875 4.524392681828029e-16
3750.909912109375 4.524119639104908e-16
3751.01611328125 4.523819641561105e-16
3751.1220703125 4.52351958802925e-16
3751.333984375 4.522919471492798e-16
3751.48095703125 4.522511434623302e-16
3751.758056640625 4.521749358274964e-16
3752.034912109375 4.520971900335518e-16
3752.587890625 4.519432580458086e-16
3753.532958984375 4.516789424991927e-16
3753.696044921875 4.516325074446334e-16
3753.781982421875 4.516094100767163e-16
3753.85888671875 4.515875972784423e-16
3754.18505859375 4.51497734278536e-16
3754.27392578125 4.51473219125594e-16
3754.8369140625 4.513150801243706e-16
3755.89208984375 4.510134265202339e-16
3756.0859375 4.509573859608897e-16
3757.472900390625 4.505585224855482e-16
3757.509033203125 4.505475621200383e-16
3757.548095703125 4.50536664849113e-16
3758.931884765625 4.501274155282609e-16
3760.389892578125 4.496800434907643e-16
3761.656005859375 4.492902024226973e-16
3762.717041015625 4.489517091184369e-16
3763.23291015625 4.487880313693025e-16
3764.80908203125 4.482784140640789e-16
3765.06591796875 4.48195744234485e-16
3766.902099609375 4.475931542144271e-16
3768.544921875 4.470597542317522e-16
3768.737060546875 4.469977824036734e-16
3768.928955078125 4.469372340627637e-16
3768.970947265625 4.469234754209198e-16
3769.196044921875 4.468518897390784e-16
3769.31298828125 4.468161391511749e-16
3769.655029296875 4.467089013877443e-16
3769.885009765625 4.466388451566824e-16
3770.114013671875 4.465703496456236e-16
3770.22802734375 4.46537495315168e-16
3770.343017578125 4.465031804188387e-16
3770.40087890625 4.464853156529434e-16
3770.4580078125 4.464689162025171e-16
3770.514892578125 4.464525114456737e-16
3770.572998046875 4.464361326625919e-16
3770.6298828125 4.464211577190793e-16
3770.68701171875 4.464047579003422e-16
3770.7451171875 4.463898088468067e-16
3770.802001953125 4.46374884715798e-16
3770.866943359375 4.463586514211398e-16
3770.916015625 4.463449903403231e-16
3770.967041015625 4.463328519840029e-16
3770.988037109375 4.463274269089205e-16
3771.0029296875 4.463233526214155e-16
3771.06689453125 4.46307047077829e-16
3771.14599609375 4.462867744435096e-16
3771.303955078125 4.462475003108216e-16
3771.60400390625 4.461730549487347e-16
3771.889892578125 4.461057110176322e-16
3771.950927734375 4.46090822712283e-16
3772.2060546875 4.460316561936972e-16
3772.52197265625 4.459575427442432e-16
3773.154052734375 4.458138599303739e-16
3774.35693359375 4.455352750948177e-16
3775.4970703125 4.452774395263222e-16
3776.761962890625 4.449898412737173e-16
3777.126953125 4.449020767098671e-16
3778.027099609375 4.44681673811335e-16
3778.39892578125 4.445895985915144e-16
3778.927001953125 4.444597131680943e-16
3780.72607421875 4.439835259999124e-16
3781.843994140625 4.436706280838912e-16
3783.052978515625 4.433095979518306e-16
3783.158935546875 4.432765842738576e-16
3784.262939453125 4.429471654428749e-16
3785.366943359375 4.425955810711411e-16
3786.22509765625 4.423153199580537e-16
3787.40087890625 4.418975626786297e-16
3787.573974609375 4.41839477041792e-16
3788.924072265625 4.41363596651249e-16
3790.447021484375 4.4080163388902405e-16
3792.841064453125 4.398813381803988e-16
3793.491943359375 4.3962733042655207e-16
3794.14306640625 4.3937479429870877e-16
3794.89697265625 4.390862061985328e-16
3795.06591796875 4.3902205677651205e-16
3795.444091796875 4.388799254920755e-16
3795.990966796875 4.38676645436193e-16
3796.4541015625 4.3850984682118763e-16
3796.916015625 4.383503274065894e-16
3797.14697265625 4.382757553026121e-16
3797.3779296875 4.3820557926153654e-16
3797.493896484375 4.381697082483576e-16
3797.60888671875 4.381368334624609e-16
3797.666015625 4.381203882546899e-16
3797.72412109375 4.3810544640913027e-16
3797.781982421875 4.3808901636573276e-16
3797.840087890625 4.380740232054276e-16
3797.89794921875 4.3806050784676902e-16
3797.9560546875 4.3804704866345346e-16
3798.013916015625 4.3803501616048837e-16
3798.072021484375 4.380215056864275e-16
3798.18701171875 4.379989080023664e-16
3798.366943359375 4.3796590849145966e-16
3798.416015625 4.3795660633368936e-16
3798.467041015625 4.37947396182408e-16
3798.56689453125 4.3793036162339216e-16
3798.655029296875 4.3791599640722403e-16
3798.7529296875 4.379004036821283e-16
3798.76708984375 4.3789921720506623e-16
3798.8369140625 4.378874854780008e-16
3798.87890625 4.378824838375348e-16
3798.9208984375 4.378759990988328e-16
3799.0458984375 4.3785943929313165e-16
3799.089111328125 4.3785446310281993e-16
3799.425048828125 4.378115331863894e-16
3799.470947265625 4.3780661302785614e-16
3799.803955078125 4.377679160749425e-16
3800.56201171875 4.3768820004173887e-16
3801.653076171875 4.3758010524785855e-16
3802.319091796875 4.3751599195637854e-16
3803.833984375 4.3736231812102266e-16
3805.34912109375 4.3720709013426136e-16
3807.8369140625 4.36888190979087e-16
3808.3779296875 4.367979367003104e-16
3808.9189453125 4.3671064502937973e-16
3810.0 4.3652712369068194e-16
3811.5859375 4.3617159070933777e-16
3812.1640625 4.360158047157446e-16
3812.741943359375 4.358762269626745e-16
3813.89697265625 4.3560143328839864e-16
3815.777099609375 4.35057544855018e-16
3816.093017578125 4.3496103720438235e-16
3816.208984375 4.3492516507550753e-16
3816.64111328125 4.3478398108256463e-16
3817.43896484375 4.3450896771663907e-16
3817.50390625 4.344852874254421e-16
3818.916015625 4.33931483997153e-16
3820.39306640625 4.3327436240782643e-16
3822.56591796875 4.3232517250286203e-16
3823.345947265625 4.3194654805045893e-16
3823.511962890625 4.3186160552940853e-16
3824.1259765625 4.315266257243829e-16
3825.68505859375 4.3066167657987947e-16
3826.803955078125 4.3004241321329616e-16
3827.85888671875 4.2942765781622504e-16
3828.9140625 4.2876716141700593e-16
3830.4541015625 4.278454302395346e-16
3831.02294921875 4.274931082024263e-16
3831.592041015625 4.2715704044317108e-16
3832.0009765625 4.269194363846902e-16
3832.52490234375 4.2661497965499477e-16
3832.72998046875 4.2649539935691016e-16
3833.4580078125 4.260978717858157e-16
3833.925048828125 4.2585702155305524e-16
3834.39208984375 4.2563975044036616e-16
3834.6259765625 4.255399555247816e-16
3834.85888671875 4.2545043505809025e-16
3834.97509765625 4.2540860185521537e-16
3835.092041015625 4.2536975460562456e-16
3835.15087890625 4.2535037680286245e-16
3835.208984375 4.253338782149613e-16
3835.26708984375 4.253203252382896e-16
3835.325927734375 4.2530535288584922e-16
3835.384033203125 4.2529477108430793e-16
3835.44189453125 4.2528856434989156e-16
3835.5009765625 4.252838941022858e-16
3835.55908203125 4.252806637063217e-16
3835.6259765625 4.252805863295508e-16
3835.675048828125 4.2528160064181125e-16
3835.72607421875 4.2528265532727437e-16
3835.742919921875 4.2528300352544185e-16
3835.77392578125 4.252836444126691e-16
3835.825927734375 4.2528617937482685e-16
3835.908935546875 4.252908665662408e-16
3836.074951171875 4.2530311001766537e-16
3836.3759765625 4.2533735666653567e-16
3836.64599609375 4.2537980092238913e-16
3836.97705078125 4.254411839378439e-16
3837.029052734375 4.2545107147522614e-16
3837.30810546875 4.255069750098596e-16
3837.969970703125 4.2566363835764813e-16
3838.64697265625 4.2583976205052503e-16
3838.910888671875 4.25911604166328e-16
3839.175048828125 4.259848621941695e-16
3839.702880859375 4.261299388288541e-16
3840.758056640625 4.263950198368393e-16
3842.7529296875 4.26965681917093e-16
3842.8310546875 4.269879050544384e-16
3842.8701171875 4.2699904230840764e-16
3842.908935546875 4.2701020016064607e-16
3843.06494140625 4.270517466057638e-16
3843.376953125 4.271334319402807e-16
3844.0009765625 4.272805630368236e-16
3844.587890625 4.2738267486091965e-16
3845.248046875 4.275497414255096e-16
3845.547119140625 4.276105174715732e-16
3845.907958984375 4.2767406552289987e-16
3847.22802734375 4.2795811045050545e-16
3847.44189453125 4.2799351993915016e-16
3848.907958984375 4.281597124600089e-16
3850.375 4.282506863789974e-16
3851.97607421875 4.283297466072765e-16
3853.30810546875 4.2829551224624026e-16
3854.639892578125 4.2815953110265944e-16
3855.700927734375 4.280030523943575e-16
3857.302978515625 4.2766166873757492e-16
3858.906005859375 4.2728183444647694e-16
3862.006103515625 4.262866165793038e-16
3862.111083984375 4.2624157313207984e-16
3862.216064453125 4.261979911741908e-16
3862.426025390625 4.2611087718826887e-16
3862.845947265625 4.259262301710575e-16
3863.68505859375 4.2551855071426713e-16
3865.169921875 4.2464748663512107e-16
3865.364990234375 4.2451719696899643e-16
3865.56005859375 4.2438244124326644e-16
3865.949951171875 4.2410563150518e-16
3866.72998046875 4.2364492974778284e-16
3867.675048828125 4.230341173838365e-16
3868.2890625 4.225920151949481e-16
3868.903076171875 4.2211014392093437e-16
3870.131103515625 4.212155656872346e-16
3871.323974609375 4.202626317406504e-16
3872.5859375 4.1908360869391474e-16
3873.847900390625 4.177227972365791e-16
3876.323974609375 4.150484690301807e-16
3876.367919921875 4.1499763838387976e-16
3876.37109375 4.1499326216907736e-16
3876.3740234375 4.1499039532729404e-16
3876.424072265625 4.1493083270329603e-16
3876.52392578125 4.148102643456911e-16
3876.72412109375 4.146060680430044e-16
3876.947021484375 4.1437578556735913e-16
3877.1240234375 4.141873610967527e-16
3877.924072265625 4.1325677926437293e-16
3878.89990234375 4.120475679719009e-16
3880.2900390625 4.102616010295956e-16
3880.85400390625 4.095727031504931e-16
3881.41796875 4.0884833932580415e-16
3882.5458984375 4.0738021061323334e-16
3884.39794921875 4.0509748423637276e-16
3884.801025390625 4.045676755303494e-16
3884.923095703125 4.0443414312647994e-16
3885.2041015625 4.041072767750739e-16
3886.010009765625 4.031346528455154e-16
3886.15087890625 4.0297345716317024e-16
3887.095947265625 4.0192662936312796e-16
3887.568115234375 4.014674747702822e-16
3888.0419921875 4.0106449575263595e-16
3888.280029296875 4.008932984287598e-16
3888.51611328125 4.007619419987049e-16
3888.633056640625 4.0070361179223737e-16
3888.751953125 4.0065864765223584e-16
3888.843994140625 4.006323956270829e-16
3888.865966796875 4.006283805458389e-16
3888.87109375 4.0062701652044243e-16
3888.89794921875 4.006216326452134e-16
3888.929931640625 4.006163485821164e-16
3888.989013671875 4.0060712351489415e-16
3889.048095703125 4.0060236704071163e-16
3889.10693359375 4.006005848905385e-16
3889.166015625 4.0060319910916414e-16
3889.22509765625 4.006072772199755e-16
3889.2939453125 4.0061603987993957e-16
3889.343017578125 4.006258557461817e-16
3889.39404296875 4.0063719926291154e-16
3889.407958984375 4.0064039802275526e-16
3889.449951171875 4.0065454486499423e-16
3889.493896484375 4.0067016801471944e-16
3889.580078125 4.0070436040278507e-16
3889.751953125 4.007801074614626e-16
3890.053955078125 4.0095444595613277e-16
3890.31494140625 4.0113538668712354e-16
3890.47412109375 4.0126408326118223e-16
3890.656982421875 4.0141987800692566e-16
3890.9990234375 4.0171619346561337e-16
3891.68310546875 4.0238128581948597e-16
3892.89208984375 4.0369224456762405e-16
3893.94189453125 4.048627148050747e-16
3894.4580078125 4.0545970212431775e-16
3895.30908203125 4.0642540054183544e-16
3896.218994140625 4.0753872960085294e-16
3896.677001953125 4.080947205472425e-16
3898.89501953125 4.106741413594194e-16
3899.60302734375 4.114792189871991e-16
3901.572021484375 4.1353094657176075e-16
3904.248046875 4.161415088273724e-16
3908.89306640625 4.197083879596622e-16
3913.18408203125 4.220401786061322e-16
3913.537109375 4.2219683526406612e-16
3913.89111328125 4.22341714989444e-16
3914.59912109375 4.226003496034918e-16
3916.014892578125 4.229963910605761e-16
3918.714111328125 4.2339518372059947e-16
3918.802001953125 4.2339997575786557e-16
3918.845947265625 4.2340234606984055e-16
3918.889892578125 4.2340471639000923e-16
3919.06591796875 4.2341427993496555e-16
3919.169921875 4.234178862528787e-16
3919.41796875 4.2342597439237727e-16
3920.1220703125 4.234286075239828e-16
3921.529052734375 4.2344866385947546e-16
3923.888916015625 4.2324417335848275e-16
3928.327880859375 4.220148284154143e-16
3928.60693359375 4.219095729361489e-16
3928.886962890625 4.217998057708752e-16
3929.3349609375 4.2161355381101707e-16
3929.447021484375 4.2156399938521867e-16
3929.55908203125 4.215159883576361e-16
3929.782958984375 4.214154564575014e-16
3930.23095703125 4.2120402040259476e-16
3931.126953125 4.207396875741616e-16
3932.383056640625 4.199938337091338e-16
3932.91796875 4.1964196823985464e-16
3933.452880859375 4.1926638006483773e-16
3934.52294921875 4.184484859626546e-16
3935.97802734375 4.1715846551822895e-16
3936.662109375 4.1647325073419166e-16
3937.346923828125 4.157302391151281e-16
3938.549072265625 4.142851536433887e-16
3938.589111328125 4.142341375654529e-16
3938.717041015625 4.1407967497890465e-16
3938.885009765625 4.1391715995965474e-16
3939.220947265625 4.135847331791227e-16
3939.89306640625 4.1288427142727725e-16
3941.236083984375 4.113231150663664e-16
3941.384033203125 4.111364696538118e-16
3943.883056640625 4.076808742292059e-16
3946.0458984375 4.042193480053041e-16
3946.383056640625 4.03599181803751e-16
3948.882080078125 3.988406684900496e-16
3950.22802734375 3.9581516584458567e-16
3951.718017578125 3.9296100267109604e-16
3954.553955078125 3.863563126929449e-16
3955.47607421875 3.837408121461299e-16
3958.4189453125 3.7632743921815346e-16
3958.8798828125 3.751661027826321e-16
3962.282958984375 3.655475421706e-16
3964.215087890625 3.602032813048276e-16
3966.14697265625 3.5485003400602055e-16
3967.279052734375 3.516635060751084e-16
3968.077880859375 3.4939635600410114e-16
3968.708984375 3.476749090866042e-16
3968.876953125 3.4722392942411076e-16
3969.044921875 3.467922529482912e-16
3969.23388671875 3.463193768636103e-16
3969.287109375 3.4618977540654736e-16
3969.381103515625 3.459570368172292e-16
3969.528076171875 3.4560951220812846e-16
3969.64794921875 3.453208599830919e-16
3969.76904296875 3.450485463745499e-16
3969.830078125 3.449190747270855e-16
3969.889892578125 3.4480438055296374e-16
3969.949951171875 3.4470753208519853e-16
3970.010986328125 3.4463888148441226e-16
3970.071044921875 3.4461172495254985e-16
3970.131103515625 3.4463355722119214e-16
3970.19189453125 3.4469544459399315e-16
3970.251953125 3.4478550124955276e-16
3970.322998046875 3.449173144645127e-16
3970.3720703125 3.4501607545401356e-16
3970.423095703125 3.4512675759729627e-16
3970.431884765625 3.4514470258052807e-16
3970.4951171875 3.4528084200951603e-16
3970.52294921875 3.453480592930261e-16
3970.613037109375 3.4555439172691623e-16
3970.794921875 3.45975936344266e-16
3971.095947265625 3.4669038615149085e-16
3971.3330078125 3.472702137020956e-16
3971.591064453125 3.479661257958944e-16
3971.697998046875 3.4825880019717764e-16
3972.06298828125 3.4920147220368483e-16
3972.79296875 3.511818173746772e-16
3973.9951171875 3.5447209861783896e-16
3974.93603515625 3.57004221287118e-16
3976.39794921875 3.6087427211831325e-16
3976.844970703125 3.6202960649568285e-16
3977.860107421875 3.6488439271891203e-16
3978.8740234375 3.6760144556285224e-16
3979.576904296875 3.695529532613678e-16
3980.904052734375 3.7332732474593845e-16
3982.22998046875 3.767117041974842e-16
3984.179931640625 3.816926699372054e-16
3984.884033203125 3.835071545849003e-16
3985.118896484375 3.841857863025885e-16
3985.587890625 3.8547325841448615e-16
3986.9951171875 3.8888018752564e-16
3988.8720703125 3.9301269453818447e-16
3991.37890625 3.9833937944767676e-16
3992.625 4.008062924546989e-16
3993.85400390625 4.0316621566376343e-16
3993.8701171875 4.031977038476494e-16
3996.362060546875 4.073917805310935e-16
3998.868896484375 4.110746442632055e-16
4003.867919921875 4.1728080590853436e-16
4008.865966796875 4.2187128577501527e-16
4013.864990234375 4.247364138004133e-16
4018.864013671875 4.264830988398596e-16
4023.863037109375 4.2719973709911747e-16
4025.341064453125 4.2721400158442325e-16
4028.861083984375 4.269153142901926e-16
4032.381103515625 4.2614335316663484e-16
4032.946044921875 4.259754950702907e-16
4033.860107421875 4.256737831717716e-16
4035.902099609375 4.2495728286543267e-16
4038.85888671875 4.2364401713053456e-16
4043.85693359375 4.2053357917009905e-16
4048.85595703125 4.1607362453103887e-16
4053.85498046875 4.099323160501459e-16
4058.85302734375 4.0179985896109254e-16
4061.35302734375 3.9769854782070233e-16
4063.85205078125 3.9306555013054663e-16
4066.35107421875 3.8780222598642023e-16
4068.85107421875 3.8176080487409343e-16
4073.84912109375 3.692303374955536e-16
4075.4208984375 3.651015717922489e-16
4078.847900390625 3.554180785491021e-16
4082.27490234375 3.438363845698841e-16
4085.652099609375 3.324258847179741e-16
4085.657958984375 3.32403601413279e-16
4085.701904296875 3.322402238666261e-16
4085.751953125 3.3205451431871435e-16
4085.85205078125 3.3168016166557357e-16
4086.052001953125 3.3091795418326724e-16
4086.451904296875 3.293443432856722e-16
4087.251953125 3.260386633275296e-16
4088.844970703125 3.195756892834009e-16
4090.3779296875 3.13555480808341e-16
4092.032958984375 3.0623308634347507e-16
4093.68701171875 2.9867209140911033e-16
4096.31396484375 2.8685107020820088e-16
4096.51513671875 2.8599096717870357e-16
4096.99609375 2.839061258615609e-16
4097.67919921875 2.8081763699067696e-16
4098.009765625 2.793097610665254e-16
4098.67822265625 2.7669858479905523e-16
4098.8427734375 2.7601551165938584e-16
4099.67578125 2.72701595672826e-16
4100.173828125 2.709642482504634e-16
4100.6728515625 2.6946275796324633e-16
4100.921875 2.6897485409090355e-16
4101.171875 2.6870048912436925e-16
4101.296875 2.6865142435180337e-16
4101.421875 2.6869943469147084e-16
4101.48486328125 2.687839246102752e-16
4101.546875 2.688997568837394e-16
4101.60888671875 2.690320202395139e-16
4101.671875 2.691314629084966e-16
4101.73388671875 2.691651450676859e-16
4101.796875 2.6911821965666283e-16
4101.85888671875 2.690070378766898e-16
4101.921875 2.6886007437881777e-16
4102.046875 2.686362667997427e-16
4102.2958984375 2.685888643748793e-16
4102.7451171875 2.6917896242372505e-16
4102.7939453125 2.692498457159849e-16
4102.84521484375 2.693834771601569e-16
4102.94482421875 2.6965218163864116e-16
4103.14501953125 2.7023293661114094e-16
4103.2958984375 2.7065618383049156e-16
4103.544921875 2.7142432786853155e-16
4103.7939453125 2.7228957871940167e-16
4104.291015625 2.7408139760949114e-16
4104.78515625 2.7605099140042176e-16
4105.287109375 2.7789089762316954e-16
4105.7890625 2.799685510265716e-16
4106.79296875 2.842018123750864e-16
4108.68017578125 2.9241681278740107e-16
4108.759765625 2.9277061243602033e-16
4108.7998046875 2.9294451800779175e-16
4108.83984375 2.931169182753518e-16
4108.85888671875 2.9319936469754588e-16
4109.0 2.937916738450676e-16
4109.31982421875 2.9506053283217316e-16
4109.78076171875 2.968918756775593e-16
4110.703125 3.0069378900676645e-16
4111.31884765625 3.034960967486912e-16
4112.5458984375 3.0879781167806986e-16
4113.77392578125 3.134471614825206e-16
4114.69287109375 3.1696246957554375e-16
4116.22900390625 3.228141452647549e-16
4116.69384765625 3.2458315307800964e-16
4117.76611328125 3.2853550275412506e-16
4118.1259765625 3.297493079973857e-16
4118.837890625 3.3207700245466176e-16
4120.98095703125 3.386923478215344e-16
4121.3369140625 3.3974686313362084e-16
4123.8359375 3.4797775136033985e-16
4126.14404296875 3.5458391863489456e-16
4126.3359375 3.550670916126562e-16
4128.8349609375 3.612157185608364e-16
4129.60498046875 3.63208313179792e-16
4131.52587890625 3.67831168389189e-16
4133.833984375 3.7322355116996915e-16
4134.21923828125 3.742555607936417e-16
4136.3330078125 3.7941004130644312e-16
4138.83203125 3.848047264419033e-16
4141.33203125 3.8965149800488553e-16
4143.8310546875 3.9388509592449733e-16
4148.830078125 4.0260033484183335e-16
4153.828125 4.0963086676075283e-16
4158.8271484375 4.150982704701196e-16
4163.826171875 4.1930993516585994e-16
4168.82421875 4.2252108432059203e-16
4173.8232421875 4.2515680330301625e-16
4178.82177734375 4.271220371760782e-16
4183.81982421875 4.2849128459117723e-16
4188.81884765625 4.2938272444195017e-16
4193.81787109375 4.2990847528975605e-16
4198.81689453125 4.301146879937494e-16
4203.81494140625 4.300071977261756e-16
4208.81396484375 4.296067890277005e-16
4213.81298828125 4.2892822391168885e-16
4216.52490234375 4.284327976306305e-16
4217.2421875 4.2828347106347063e-16
4218.81103515625 4.279397173711486e-16
4221.09814453125 4.2738048355316635e-16
4223.81005859375 4.2663208572227105e-16
4224.9541015625 4.2628921362338084e-16
4228.80908203125 4.250004862531489e-16
4233.80712890625 4.229981248206849e-16
4238.80615234375 4.2045773531569577e-16
4243.80517578125 4.1742395764228676e-16
4248.80322265625 4.138362815502083e-16
4253.8017578125 4.097093249975863e-16
4258.80078125 4.048652330304809e-16
4263.798828125 3.992042392825574e-16
4268.7978515625 3.925821202900826e-16
4273.796875 3.851714255729915e-16
4278.794921875 3.776000503581068e-16
4283.7939453125 3.6901158510568223e-16
4288.79296875 3.5941721824415176e-16
4293.791015625 3.489443984019796e-16
4298.7900390625 3.379863047547467e-16
4301.2900390625 3.3290121976782583e-16
4303.7890625 3.273770969589304e-16
4306.2880859375 3.2143644803297987e-16
4308.7880859375 3.149024684816645e-16
4313.7861328125 3.01654154922413e-16
4314.0732421875 3.008991321453331e-16
4318.78515625 2.867102682077601e-16
4320.85400390625 2.795432954317124e-16
4323.4970703125 2.7089329161871097e-16
4326.13916015625 2.6099579922305836e-16
4328.73193359375 2.5048741090439696e-16
4328.78076171875 2.5029917871310324e-16
4328.83203125 2.5010186350285266e-16
4328.93212890625 2.497087476736502e-16
4329.1318359375 2.489103626328354e-16
4329.5322265625 2.4724563107111304e-16
4329.57421875 2.470663036632349e-16
4330.23291015625 2.4424864061043075e-16
4330.33203125 2.4380554521864614e-16
4331.08984375 2.40209030655559e-16
4331.14892578125 2.3991202191596645e-16
4331.94580078125 2.364365470595805e-16
4332.40380859375 2.3432823692019485e-16
4333.66015625 2.285444646097677e-16
4334.06005859375 2.2653878461028186e-16
4334.916015625 2.2236253980701037e-16
4335.1162109375 2.2138575110730508e-16
4336.1708984375 2.160673201779745e-16
4337.22705078125 2.1055480391993525e-16
4337.7861328125 2.0721051361892783e-16
4338.283203125 2.044928343286727e-16
4338.77978515625 2.0104925500115866e-16
4339.212890625 1.9783012053016541e-16
4339.27587890625 1.9741798788654993e-16
4339.3388671875 1.969771158691184e-16
4339.46484375 1.9593961650485217e-16
4339.56689453125 1.9498805748555814e-16
4339.60205078125 1.9467844471166522e-16
4339.716796875 1.9359846505044624e-16
4339.8671875 1.9195028437072168e-16
4340.0009765625 1.9036392123529712e-16
4340.1318359375 1.8853404339279527e-16
4340.19677734375 1.8749283780189172e-16
4340.26318359375 1.8644255940536438e-16
4340.3291015625 1.8544820783726243e-16
4340.39501953125 1.8469127172154756e-16
4340.4609375 1.844061148970456e-16
4340.52685546875 1.846834647861407e-16
4340.5927734375 1.8542959514630807e-16
4340.6591796875 1.864146590262993e-16
4340.791015625 1.885027359909608e-16
4341.0048828125 1.913114654960324e-16
4341.05517578125 1.9186543872210076e-16
4341.10498046875 1.9246627066198432e-16
4341.205078125 1.9349104414916655e-16
4341.22705078125 1.9368936791146863e-16
4341.23779296875 1.9378626065570175e-16
4341.40478515625 1.953092415362483e-16
4341.5830078125 1.9680968269817157e-16
4341.587890625 1.9684597667005615e-16
4341.93896484375 1.994552700440291e-16
4342.2900390625 2.0180550308161156e-16
4342.64013671875 2.0414926718628622e-16
4343.330078125 2.0797990487676664e-16
4343.33984375 2.0803898152251275e-16
4344.041015625 2.1173541332542e-16
4344.751953125 2.1533999811197156e-16
4346.173828125 2.2189947790829287e-16
4346.4140625 2.230639608582368e-16
4347.59521484375 2.2887747769300783e-16
4348.578125 2.330872151153107e-16
4348.77685546875 2.339368077144725e-16
4348.97607421875 2.347803766037107e-16
4349.3740234375 2.364009863207314e-16
4350.169921875 2.3991171512972194e-16
4350.32177734375 2.4058684125629817e-16
4351.76123046875 2.4643169799518503e-16
4351.85498046875 2.4678693887012347e-16
4353.201171875 2.5162978464917787e-16
4354.64013671875 2.572825871910373e-16
4356.0771484375 2.625124783561339e-16
4357.42578125 2.6692164071792896e-16
4358.77392578125 2.7112554408485345e-16
4359.169921875 2.7227847608777074e-16
4361.47216796875 2.791915193100008e-16
4363.77294921875 2.8599868580282044e-16
4366.07421875 2.9200197854453393e-16
4367.97998046875 2.9653769145359633e-16
4368.3759765625 2.9750696584805173e-16
4368.52392578125 2.978636352948797e-16
4368.77197265625 2.9845506633785265e-16
4369.56298828125 3.0030143828944817e-16
4371.14697265625 3.0380982796279514e-16
4373.77001953125 3.0971520735096707e-16
4378.76904296875 3.19675128880088e-16
4383.76806640625 3.281792267103024e-16
4388.76611328125 3.3733203447138823e-16
4393.76513671875 3.4581176025381217e-16
4398.76416015625 3.531796271411964e-16
4403.76220703125 3.598412087946419e-16
4408.76123046875 3.656594951354851e-16
4413.759765625 3.71568879016906e-16
4418.7578125 3.7655050274041254e-16
4423.7568359375 3.807648825601161e-16
4428.755859375 3.842572088248693e-16
4433.75390625 3.8719211145559495e-16
4438.7529296875 3.8973184435177326e-16
4443.751953125 3.9181370164251793e-16
4448.7509765625 3.934601410539839e-16
4453.7490234375 3.94672395553718e-16
4458.748046875 3.9562199749727083e-16
4463.7470703125 3.963422906047544e-16
4468.7451171875 3.9684826541691506e-16
4473.744140625 3.9717634286869776e-16
4478.7431640625 3.973598513263741e-16
4483.7412109375 3.9741396378551867e-16
4488.740234375 3.973507501918198e-16
4493.73876953125 3.9718230299946044e-16
4498.73681640625 3.9692531423647965e-16
4503.73583984375 3.9659040031577863e-16
4508.73486328125 3.9618514336407635e-16
4513.73291015625 3.957109548799052e-16
4514.1181640625 3.9567142395413267e-16
4518.73193359375 3.95180049181039e-16
4523.34619140625 3.9464417876760543e-16
4527.18994140625 3.941658085834157e-16
4527.9599609375 3.9406678684565053e-16
4528.72900390625 3.9396773709534057e-16
4530.26904296875 3.937650603604334e-16
4532.9677734375 3.9339927868851625e-16
4533.2880859375 3.933553003149752e-16
4533.34814453125 3.933473478374354e-16
4533.72802734375 3.9329537848293513e-16
4534.48779296875 3.931884336809498e-16
4536.0068359375 3.9297450764743113e-16
4538.72705078125 3.9258295764427075e-16
4543.72509765625 3.9183347868317945e-16
4548.72412109375 3.910499808351713e-16
4553.72314453125 3.902339066442447e-16
4558.72119140625 3.8938834815639805e-16
4563.72021484375 3.885117533279455e-16
4568.71923828125 3.876071637547683e-16
4573.716796875 3.866760454096782e-16
4578.7158203125 3.8571838284812297e-16
4583.71484375 3.847357502926427e-16
4588.712890625 3.8372802986055314e-16
4593.7119140625 3.826907411400537e-16
4596.52880859375 3.820914777257117e-16
4596.98388671875 3.8199310870319196e-16
4598.7109375 3.8162162850353454e-16
4600.89208984375 3.8114636172580397e-16
4603.708984375 3.806047777768958e-16
4604.7998046875 3.8036168892497726e-16
4608.7080078125 3.794770269808208e-16
4613.70703125 3.783211367149408e-16
4618.705078125 3.7713696145019885e-16
4623.7041015625 3.7592310367536985e-16
4628.703125 3.746778963095398e-16
4633.701171875 3.733844641940678e-16
4638.7001953125 3.7204739775777694e-16
4643.69921875 3.7066968958616837e-16
4648.69677734375 3.6925136309882874e-16
4653.69580078125 3.677877420142708e-16
4658.69482421875 3.662757209939186e-16
4663.69384765625 3.6471066889011224e-16
4668.69189453125 3.6306943899332883e-16
4673.69091796875 3.6136746090870077e-16
4678.68994140625 3.5959534070714297e-16
4683.68798828125 3.577469383666834e-16
4688.68701171875 3.558144744664373e-16
4693.68603515625 3.5376249587886126e-16
4698.68408203125 3.515662205631732e-16
4703.68310546875 3.4925644282093128e-16
4708.68212890625 3.4682071725550657e-16
4713.68017578125 3.442465598891507e-16
4715.60302734375 3.4321585367712783e-16
4718.67919921875 3.415524678897971e-16
4720.98388671875 3.402671054503003e-16
4721.7548828125 3.398299322847446e-16
4723.67822265625 3.387182110678684e-16
4724.830078125 3.380390012511185e-16
4728.67578125 3.3569897916412915e-16
4733.6748046875 3.3248543464313105e-16
4738.673828125 3.2910830286433965e-16
4743.671875 3.255750921172793e-16
4748.6708984375 3.2181475187909954e-16
4753.669921875 3.178054406639397e-16
4758.66796875 3.138373832524702e-16
4763.6669921875 3.0966342872602525e-16
4768.666015625 3.0523243473401113e-16
4773.6640625 3.0065699791164215e-16
4778.6630859375 2.957917257341123e-16
4783.662109375 2.906116622463217e-16
4788.66015625 2.851536336413582e-16
4793.6591796875 2.793157544058125e-16
4798.658203125 2.7350873407205124e-16
4803.65576171875 2.6731659373596295e-16
4808.65478515625 2.6078094278082565e-16
4813.65380859375 2.538364112302835e-16
4818.65185546875 2.464951370494055e-16
4823.65087890625 2.3889629796032294e-16
4828.64990234375 2.30354726682993e-16
4833.64794921875 2.2085266582175075e-16
4834.97216796875 2.1822025285162745e-16
4838.64697265625 2.1038323235614465e-16
4839.1611328125 2.0922390549649028e-16
4842.32177734375 2.017929379770447e-16
4845.48291015625 1.9382776030304155e-16
4845.5029296875 1.9377168627420492e-16
4847.05419921875 1.8942647290261185e-16
4848.64404296875 1.8496515192946494e-16
4849.4189453125 1.827863377147001e-16
4851.78515625 1.7573046638082552e-16
4852.9677734375 1.7206104600621663e-16
4854.15087890625 1.6836328110078983e-16
4854.39306640625 1.6760293337073307e-16
4855.3349609375 1.6441012191451488e-16
4855.4541015625 1.6399429916557322e-16
4856.51708984375 1.6049237541228885e-16
4857.580078125 1.5637091595185574e-16
4858.40087890625 1.5281995360335428e-16
4858.64208984375 1.515477017882121e-16
4858.8828125 1.5035192672668315e-16
4859.36376953125 1.4758844527515435e-16
4859.626953125 1.4574476882728856e-16
4859.84619140625 1.4431810827156751e-16
4860.06494140625 1.4255412423667444e-16
4860.34912109375 1.4017843610409453e-16
4860.36083984375 1.4007901643025913e-16
4860.5029296875 1.386435149984425e-16
4860.6572265625 1.3711105647887745e-16
4860.80517578125 1.3550046768992546e-16
4860.953125 1.3439257644868463e-16
4861.02685546875 1.3428237609805457e-16
4861.10107421875 1.3451736217409395e-16
4861.1748046875 1.3523942601914785e-16
4861.248046875 1.3610009508731568e-16
4861.32177734375 1.3649310004511245e-16
4861.39599609375 1.360928184390568e-16
4861.47021484375 1.352130688324484e-16
4861.54296875 1.344958102028379e-16
4861.64111328125 1.342307004559955e-16
4861.68701171875 1.343289438131028e-16
4861.68896484375 1.3433872176649333e-16
4861.69091796875 1.3435674110032757e-16
4861.69482421875 1.3439137698985442e-16
4861.7412109375 1.3472912366399225e-16
4861.8408203125 1.3547247156146416e-16
4861.98681640625 1.3704407806147832e-16
4862.1328125 1.384644987304847e-16
4862.27099609375 1.3987807556212975e-16
4862.4248046875 1.4110457738402076e-16
4862.5791015625 1.4242034293567116e-16
4862.6279296875 1.427921568713763e-16
4862.88720703125 1.4476648521690825e-16
4862.9111328125 1.4492706146457629e-16
4863.19384765625 1.468245675696867e-16
4863.47802734375 1.485528820703698e-16
4863.76123046875 1.500720922635734e-16
4864.328125 1.52877233625593e-16
4864.796875 1.5488425544532008e-16
4864.89501953125 1.552693415587061e-16
4865.4619140625 1.5745457546223134e-16
4866.126953125 1.598867992891549e-16
4866.27392578125 1.6035708150529554e-16
4866.419921875 1.6082424632104197e-16
4866.791015625 1.6201170833589697e-16
4867.4560546875 1.6414000967983741e-16
4868.63916015625 1.6785705059926762e-16
4870.85791015625 1.7436862628317275e-16
4871.408203125 1.759898987734373e-16
4873.078125 1.8058838562940168e-16
4874.7470703125 1.8506443125136397e-16
4877.537109375 1.92139275712622e-16
4878.0859375 1.9344197690601585e-16
4878.63623046875 1.9474824176799788e-16
4879.14990234375 1.9589579195878939e-16
4879.73583984375 1.972048400003831e-16
4880.32177734375 1.9851397385390875e-16
4881.494140625 2.0101438368505822e-16
4883.19580078125 2.0462116949331052e-16
4883.8369140625 2.0592381853976732e-16
4884.47802734375 2.0721406964373631e-16
4885.7587890625 2.0968893580515634e-16
4888.01220703125 2.137348788815947e-16
4888.3232421875 2.1428579498183847e-16
4888.6337890625 2.1483587142110912e-16
4889.2548828125 2.158905171146416e-16
4890.4990234375 2.1800330934598105e-16
4892.3408203125 2.2100824834868823e-16
4892.98583984375 2.220381005641977e-16
4893.6318359375 2.230695521038517e-16
4894.923828125 2.2493501242356246e-16
4896.3837890625 2.27043255576309e-16
4897.5068359375 2.286651844567147e-16
4898.126953125 2.2956083628265108e-16
4898.630859375 2.302887006413071e-16
4900.8779296875 2.3307697332059376e-16
4903.6298828125 2.364925058817345e-16
4908.6279296875 2.42316568729807e-16
4913.626953125 2.4768435306245114e-16
4915.5498046875 2.4964733122445812e-16
4918.240234375 2.5224702232438936e-16
4918.6259765625 2.5260799347448505e-16
4921.701171875 2.5541386167719785e-16
4923.6240234375 2.5709649677227144e-16
4925.162109375 2.584073700424159e-16
4928.623046875 2.6119008937504555e-16
4933.6220703125 2.652139237103578e-16
4938.6201171875 2.6885484317432194e-16
4943.619140625 2.7217494160092634e-16
4948.6181640625 2.751677486813192e-16
4953.6162109375 2.778329920762068e-16
4958.615234375 2.803311163877089e-16
4963.61376953125 2.825590316306455e-16
4968.61181640625 2.845445538401228e-16
4973.61083984375 2.8654508623932527e-16
4978.60986328125 2.883015177208394e-16
4983.60791015625 2.8982454177469384e-16
4988.60693359375 2.911796684301169e-16
4993.60595703125 2.9237610316256604e-16
4998.60400390625 2.933863545457738e-16
5003.60302734375 2.9422371642796583e-16
5008.60205078125 2.94917714043024e-16
5013.60009765625 2.9549785349454106e-16
5018.59912109375 2.959531323126892e-16
5023.59814453125 2.9629446262935466e-16
5028.59619140625 2.9653268473342144e-16
5033.59521484375 2.9665048714773964e-16
5038.59423828125 2.966634979690828e-16
5043.591796875 2.966044655336777e-16
5048.5908203125 2.9648276866098793e-16
5053.58984375 2.963030547662637e-16
5058.587890625 2.960668783560278e-16
5063.5869140625 2.9577420025915713e-16
5068.5859375 2.9543902383948557e-16
5073.583984375 2.9506607529119903e-16
5078.5830078125 2.946599874196938e-16
5083.58203125 2.94223941275431e-16
5088.580078125 2.937610117998395e-16
5093.5791015625 2.9326804373163077e-16
5098.578125 2.9274192233251704e-16
5103.576171875 2.9219827099174746e-16
5108.5751953125 2.9163707627946807e-16
5113.57421875 2.910583683438204e-16
5118.57177734375 2.9046678441341955e-16
5123.57080078125 2.8986240860723e-16
5128.56982421875 2.8924513147491017e-16
5133.56787109375 2.8861657083185355e-16
5138.56689453125 2.879751597546047e-16
5143.56591796875 2.8732555019221763e-16
5148.56396484375 2.8666939163128166e-16
5153.56298828125 2.860050370729473e-16
5158.56201171875 2.8533564075775505e-16
5163.56005859375 2.8466121435361275e-16
5168.55908203125 2.839817520967047e-16
5173.55810546875 2.832972656348573e-16
5178.55615234375 2.8260927214372483e-16
5183.55517578125 2.8191784881510035e-16
5188.55419921875 2.812229537157458e-16
5193.5517578125 2.8052612745366966e-16
5198.55078125 2.7982584407190634e-16
5203.5498046875 2.791252340983394e-16
5208.5478515625 2.7842110603328546e-16
5213.546875 2.7771512675197896e-16
5218.5458984375 2.770087910214568e-16
5223.5439453125 2.7630055082706945e-16
5228.54296875 2.7558915387923885e-16
5233.5419921875 2.74876627273726e-16
5238.5400390625 2.7416375065932123e-16
5243.5390625 2.734506013319321e-16
5248.537109375 2.7273553693397523e-16
5253.5361328125 2.7202335685772584e-16
5258.53515625 2.713092452303898e-16
5263.533203125 2.7059640404282246e-16
5268.5322265625 2.6988326271922643e-16
5273.53076171875 2.691698319989266e-16
5278.52880859375 2.684576237476262e-16
5283.52783203125 2.677467378335092e-16
5288.52685546875 2.6703710913967503e-16
5293.52490234375 2.663271597637824e-16
5298.52392578125 2.6562004787565453e-16
5303.52294921875 2.649126823823166e-16
5308.52099609375 2.642065386708864e-16
5313.52001953125 2.6350169437076296e-16
5318.51904296875 2.627981395258575e-16
5323.51708984375 2.6209423936872955e-16
5328.51611328125 2.613932382986489e-16
5333.51513671875 2.606935018438831e-16
5338.51318359375 2.599950477927158e-16
5343.51220703125 2.592978708424093e-16
5348.51123046875 2.5860038970142027e-16
5353.5087890625 2.5790735903035014e-16
5358.5078125 2.5721404188460685e-16
5363.5068359375 2.5700932664467025e-16
5368.5048828125 2.5630277610302046e-16
5373.50390625 2.5559912959551814e-16
5378.5029296875 2.5489832329137453e-16
5383.5009765625 2.541988024570999e-16
5388.5 2.53502190631709e-16
5393.4990234375 2.52806849573416e-16
5398.4970703125 2.5211437226196706e-16
5403.49609375 2.514231785474478e-16
5408.4951171875 2.5073646515142457e-16
5413.4931640625 2.5004944208201573e-16
5418.4921875 2.4936691343719477e-16
5423.4912109375 2.4868408719058995e-16
5428.48876953125 2.4800567833259383e-16
5433.48779296875 2.473286490831273e-16
5438.48681640625 2.4665287439881827e-16
5443.48486328125 2.4598000588862327e-16
5448.48388671875 2.453100103104495e-16
5453.48291015625 2.4464132869995257e-16
5458.48095703125 2.4397553073790837e-16
5463.47998046875 2.43311086979309e-16
5468.47900390625 2.426494846310802e-16
5473.47705078125 2.419907814693113e-16
5478.47607421875 2.413280838482114e-16
5483.47509765625 2.406699434798987e-16
5488.47314453125 2.4001310941780227e-16
5493.47216796875 2.3935762851234465e-16
5498.47119140625 2.3870504603417766e-16
5503.46923828125 2.380538008444798e-16
5508.4677734375 2.3740548932804717e-16
5513.4658203125 2.3676013199300196e-16
5518.46484375 2.3611610608217935e-16
5523.4638671875 2.354733756503647e-16
5528.4619140625 2.3483362684712205e-16
5533.4609375 2.341967960281161e-16
5538.4599609375 2.33559736277571e-16
5543.4580078125 2.329272047887048e-16
5548.45703125 2.322960254610652e-16
5553.4560546875 2.316661624738757e-16
5558.4541015625 2.310392484965518e-16
5563.453125 2.3041371761165606e-16
5568.4521484375 2.2979110577443607e-16
5573.4501953125 2.2916984795441574e-16
5578.44921875 2.285499485489368e-16
5583.4482421875 2.279329862218095e-16
5588.44580078125 2.2731739079336293e-16
5593.44482421875 2.2670477624968637e-16
5598.44384765625 2.260934743109993e-16
5603.44189453125 2.254835468839254e-16
5608.44091796875 2.248765722303235e-16
5613.43994140625 2.242709830226929e-16
5618.43798828125 2.236683185309399e-16
5623.43701171875 2.2306703643133125e-16
5628.43603515625 2.2246710118927376e-16
5633.43408203125 2.218701506315916e-16
5638.43310546875 2.2127455773970262e-16
5643.43212890625 2.2068034281432962e-16
5648.43017578125 2.2008907496690668e-16
5653.42919921875 2.1949918187961254e-16
5658.42822265625 2.1891065603139414e-16
5660.9267578125 2.186170984447349e-16
5663.42578125 2.1832510524642882e-16
5665.92578125 2.1866287554375126e-16
5668.4248046875 2.1901674478181816e-16
5670.923828125 2.1871665550091737e-16
5673.423828125 2.1841813410751072e-16
5673.97900390625 2.1835212912003882e-16
5678.421875 2.178240790849129e-16
5682.865234375 2.1729743670774003e-16
5686.1982421875 2.1690272646665654e-16
5687.30908203125 2.1677223068193573e-16
5687.86376953125 2.1670614778261324e-16
5688.419921875 2.166400882538044e-16
5690.64111328125 2.1637899205662446e-16
5693.41796875 2.1605175896274544e-16
5698.4169921875 2.1546479440764124e-16
5703.4150390625 2.148792070121778e-16
5704.77001953125 2.1472158401647219e-16
5708.4140625 2.142966082818336e-16
5708.8818359375 2.1424256940576095e-16
5712.05810546875 2.1387472464671246e-16
5713.4130859375 2.1371699183530499e-16
5715.23388671875 2.135051729214142e-16
5718.4111328125 2.1313874249717665e-16
5723.41015625 2.1256189135414374e-16
5728.4091796875 2.1198640317064813e-16
5733.4072265625 2.114138945951096e-16
5738.40576171875 2.108427833892982e-16
5743.40478515625 2.1027466684553327e-16
5748.40283203125 2.097070982640731e-16
5753.40185546875 2.0913857753790431e-16
5758.40087890625 2.0857306872798602e-16
5763.39892578125 2.0762030118058747e-16
5768.39794921875 2.070543035870849e-16
5773.39697265625 2.0648970841571867e-16
5778.39501953125 2.059281357726688e-16
5783.39404296875 2.0536634818948145e-16
5788.39306640625 2.0480757853071795e-16
5793.39111328125 2.04251835347282e-16
5798.39013671875 2.0369587930311045e-16
5803.38916015625 2.031429591007295e-16
5808.38720703125 2.0259144106516286e-16
5813.38623046875 2.0204132618937097e-16
5818.384765625 2.014942475191902e-16
5823.3828125 2.009485776332795e-16
5828.3818359375 2.0040434195607937e-16
5833.380859375 1.9985989047378353e-16
5838.37890625 1.9932007808706443e-16
5843.3779296875 1.9878007257356432e-16
5848.376953125 1.982431140222755e-16
5853.375 1.9770755224346705e-16
5858.3740234375 1.9717343004585407e-16
5863.3720703125 1.9664072034999798e-16
5868.37109375 1.9610943777398374e-16
5873.3701171875 1.9558118015114866e-16
5878.3681640625 1.9505273389804573e-16
5883.3671875 1.945273357373791e-16
5888.3662109375 1.9400175684729678e-16
5893.36376953125 1.9347757800967653e-16
5898.36279296875 1.929548344866612e-16
5903.36181640625 1.9243513663700896e-16
5908.35986328125 1.9191525345523375e-16
5913.35888671875 1.9139679050632497e-16
5918.35791015625 1.9087977004292757e-16
5923.35595703125 1.9036577893255015e-16
5928.35498046875 1.8985161803236216e-16
5933.35400390625 1.8933888799137913e-16
5938.35205078125 1.888275830129344e-16
5943.35107421875 1.883177171712331e-16
5948.35009765625 1.878109070077457e-16
5953.34814453125 1.8730390236027123e-16
5958.34716796875 1.867983392614029e-16
5963.34619140625 1.862942119516087e-16
5968.34423828125 1.8578989122247938e-16
5973.3427734375 1.8528864855886388e-16
5978.341796875 1.8478883329120834e-16
5983.33984375 1.8428884037786757e-16
5988.3388671875 1.8379027914048644e-16
5993.337890625 1.8329154720315838e-16
5998.3359375 1.8279423511989676e-16
6003.3349609375 1.822983848078349e-16
6008.3330078125 1.8180233017725815e-16
6013.33203125 1.813077383546069e-16
6018.3310546875 1.8081621607601255e-16
6023.3291015625 1.803228785427279e-16
6028.328125 1.7983261854160925e-16
6033.3271484375 1.7934054950624762e-16
6038.3251953125 1.7885154705060283e-16
6043.32421875 1.7836236964136938e-16
6048.3232421875 1.7787463913059957e-16
6053.32080078125 1.7738435427799596e-16
6058.31982421875 1.7689472400416984e-16
6063.31884765625 1.764065741305899e-16
6068.31689453125 1.7591661303865631e-16
6073.31591796875 1.7542649468369203e-16
6078.31494140625 1.749378432337315e-16
6083.31298828125 1.7444902390110025e-16
6088.31201171875 1.7396169214081863e-16
6093.31103515625 1.7347255371159393e-16
6098.30908203125 1.7298487815153734e-16
6103.30810546875 1.7249706023384717e-16
6108.30712890625 1.7200906608296223e-16
6113.30517578125 1.7152090443041165e-16
6118.30419921875 1.7103260026210144e-16
6123.30322265625 1.7054248759315013e-16
6128.30078125 1.7005383654625183e-16
6133.2998046875 1.695650455147965e-16
6138.2978515625 1.6907607266573117e-16
6143.296875 1.685885760313185e-16
6148.2958984375 1.6810093175904348e-16
6153.2939453125 1.6761147239352772e-16
6158.29296875 1.671235040773313e-16
6163.2919921875 1.6663209109209956e-16
6168.2900390625 1.66140509810922e-16
6173.2890625 1.6564877068993904e-16
6178.2880859375 1.6515523339074537e-16
6183.2861328125 1.6465990610796206e-16
6188.28515625 1.6416276997435808e-16
6193.2841796875 1.6366285166515248e-16
6198.2822265625 1.6316257753406104e-16
6203.28076171875 1.6266216863283137e-16
6208.27978515625 1.6215994558904872e-16
6213.27783203125 1.6165511702934842e-16
6218.27685546875 1.6114698014062887e-16
6223.27587890625 1.606367242720182e-16
6228.27392578125 1.6012252057280866e-16
6233.27294921875 1.5960521762992686e-16
6238.27197265625 1.5908412513776673e-16
6243.27001953125 1.585585809094302e-16
6244.380859375 1.5844163596465086e-16
6248.26904296875 1.580287923502927e-16
6252.1572265625 1.5761943397494274e-16
6253.82080078125 1.574435613917439e-16
6256.0439453125 1.5720852324300347e-16
6258.26611328125 1.5697193459627747e-16
6262.1572265625 1.5655610394056923e-16
6262.7109375 1.564970587144819e-16
6263.26513671875 1.5643751480414293e-16
6264.3720703125 1.563184130424225e-16
6264.912109375 1.5626025965782315e-16
6266.587890625 1.5607955158884359e-16
6268.26318359375 1.5589780864254884e-16
6269.966796875 1.5571309359905966e-16
6271.615234375 1.5553315739780904e-16
6273.26220703125 1.553533511204773e-16
6274.85400390625 1.551786683710493e-16
6276.55712890625 1.549907465734938e-16
6278.26123046875 1.5480296541542333e-16
6280.076171875 1.5460110969294115e-16
6281.66796875 1.5442389442821317e-16
6283.2587890625 1.5424614208959864e-16
6284.626953125 1.54092572209933e-16
6286.44287109375 1.5388799683545757e-16
6288.2578125 1.5368290696200064e-16
6290.52099609375 1.534255053887814e-16
6291.88916015625 1.5326972111772057e-16
6293.2568359375 1.5311292141827224e-16
6293.72900390625 1.530595857415413e-16
6295.9921875 1.528076857211894e-16
6298.2548828125 1.5255506054777324e-16
6302.31005859375 1.520981776551643e-16
6302.7822265625 1.520448102228663e-16
6303.25390625 1.5199093909623116e-16
6303.91796875 1.5191568337600472e-16
6304.1982421875 1.5188403886972712e-16
6306.0849609375 1.516688811404402e-16
6308.2529296875 1.5142023513700807e-16
6311.923828125 1.5099633148489638e-16
6312.5869140625 1.5091905710249937e-16
6313.2509765625 1.5084175553889239e-16
6314.5791015625 1.5068718509691753e-16
6316.21923828125 1.5049484467375974e-16
6317.23388671875 1.5037535436478964e-16
6317.31396484375 1.5036588888392153e-16
6318.25 1.502558774534157e-16
6320.28076171875 1.5001475005264843e-16
6323.2490234375 1.4966092127935941e-16
6328.2470703125 1.4905706369252992e-16
6333.24609375 1.4844676757764866e-16
6338.2451171875 1.478341124832404e-16
6343.2431640625 1.4721154559056491e-16
6348.2421875 1.4657841383834007e-16
6353.2412109375 1.4593324906332788e-16
6358.23876953125 1.4527698245561266e-16
6363.23779296875 1.4460753423949144e-16
6368.23583984375 1.4392597383385667e-16
6373.23486328125 1.4322972916560768e-16
6378.23388671875 1.4251725745530595e-16
6383.23193359375 1.4178743007467035e-16
6388.23095703125 1.4103809295178275e-16
6393.22998046875 1.402677810097584e-16
6398.22802734375 1.3947432886117714e-16
6403.22705078125 1.386574193591727e-16
6408.22607421875 1.3781539125134e-16
6413.22412109375 1.369483730164876e-16
6418.22314453125 1.3605406932311489e-16
6423.22216796875 1.3513097422698113e-16
6428.22021484375 1.341744711894269e-16
6433.21923828125 1.3318303405246855e-16
6438.2177734375 1.3215237007769802e-16
6443.2158203125 1.3107688510290976e-16
6448.21484375 1.2995914633308244e-16
6453.2138671875 1.2879372497604822e-16
6458.2119140625 1.2758241834556706e-16
6463.2109375 1.263268492023408e-16
6468.2099609375 1.2501095401450534e-16
6473.2080078125 1.2362897754093307e-16
6478.20703125 1.221838115629696e-16
6483.205078125 1.20658283121522e-16
6488.2041015625 1.1907369002481981e-16
6493.203125 1.1740550831180213e-16
6498.201171875 1.156413271300354e-16
6503.2001953125 1.137687095988034e-16
6508.19921875 1.1176198650604239e-16
6513.19677734375 1.0959628412150622e-16
6518.19580078125 1.0726329525105751e-16
6523.19482421875 1.0476492557109902e-16
6523.71923828125 1.0448968881133696e-16
6528.19287109375 1.0202731823615838e-16
6532.66796875 9.93721085393488e-17
6536.09521484375 9.713091524007352e-17
6537.14306640625 9.644438528106542e-17
6537.3828125 9.627950400353572e-17
6538.19091796875 9.571226763256342e-17
6540.2861328125 9.42270781580986e-17
6543.18896484375 9.204074564114033e-17
6546.45703125 8.945084588499508e-17
6546.72412109375 8.923527988167978e-17
6548.18798828125 8.805025902010124e-17
6549.91796875 8.659945868192215e-17
6551.51611328125 8.524339076509662e-17
6553.11279296875 8.38437563787811e-17
6554.42578125 8.259391664331002e-17
6554.708984375 8.232432538130282e-17
6555.3662109375 8.169865996014562e-17
6556.30615234375 8.076575235205383e-17
6556.87109375 8.012167434761693e-17
6557.2451171875 7.968055721759303e-17
6557.52783203125 7.933956239031629e-17
6558.18505859375 7.846687412956638e-17
6558.841796875 7.74719757090394e-17
6559.4501953125 7.642065506403672e-17
6559.5 7.63272367040394e-17
6559.5498046875 7.623215651873956e-17
6559.64990234375 7.603620611659948e-17
6559.85009765625 7.562427674472097e-17
6560.25 7.473534165666314e-17
6560.64990234375 7.374539467383134e-17
6560.908203125 7.298921266095481e-17
6561.001953125 7.268678697511538e-17
6561.048828125 7.252977939867143e-17
6561.09619140625 7.236862913660406e-17
6561.2841796875 7.17240349909232e-17
6561.4248046875 7.11450537795824e-17
6561.47216796875 7.093026675637396e-17
6561.54296875 7.058506966608684e-17
6561.66015625 6.997938056579947e-17
6561.77783203125 6.927650624943217e-17
6561.84521484375 6.881623809228836e-17
6561.89501953125 6.844135449812476e-17
6561.94482421875 6.803534406933213e-17
6562.044921875 6.715809808608928e-17
6562.09814453125 6.657145691794868e-17
6562.19580078125 6.549504077956508e-17
6562.2451171875 6.484234412270858e-17
6562.2939453125 6.411696924337019e-17
6562.44384765625 6.155890762075768e-17
6562.48583984375 6.085659574218054e-17
6562.490234375 6.078310039781263e-17
6562.494140625 6.071776878924233e-17
6562.5439453125 5.999459652085162e-17
6562.59423828125 5.926434098614566e-17
6562.69287109375 5.835261143558851e-17
6562.79296875 5.80537808666283e-17
6562.89208984375 5.834268371942383e-17
6562.9921875 5.92560840887702e-17
6563.091796875 6.07054134849401e-17
6563.19189453125 6.23741185788273e-17
6563.291015625 6.407826033121065e-17
6563.48876953125 6.662415542112725e-17
6563.64111328125 6.799333119995577e-17
6563.68310546875 6.833414568258433e-17
6563.68701171875 6.836544621344532e-17
6563.69091796875 6.83965741015603e-17
6563.7412109375 6.876853350824264e-17
6563.8408203125 6.942784762309076e-17
6564.041015625 7.050856100535282e-17
6564.2412109375 7.141197272479454e-17
6564.2939453125 7.161489882503119e-17
6564.39208984375 7.196048155140437e-17
6564.44091796875 7.212283479245432e-17
6564.490234375 7.22779092810382e-17
6564.68505859375 7.291195414819039e-17
6565.0771484375 7.398733531254882e-17
6565.46923828125 7.48792910198461e-17
6565.63623046875 7.524739023149522e-17
6565.86083984375 7.571033110470743e-17
6566.0859375 7.613833665049482e-17
6566.5361328125 7.690926988800166e-17
6566.68896484375 7.715565860389725e-17
6567.43603515625 7.824040326215376e-17
6568.18310546875 7.916739398461689e-17
6568.578125 7.960843447146964e-17
6568.92919921875 7.999523458070728e-17
6569.27978515625 8.036647164023632e-17
6569.98193359375 8.105996516959995e-17
6570.2978515625 8.135414021202565e-17
6571.38623046875 8.231305952035469e-17
6572.47314453125 8.321986067382544e-17
6573.6298828125 8.415753652230788e-17
6574.64892578125 8.49503523780187e-17
6575.6669921875 8.573541910965984e-17
6577.22998046875 8.692206642705974e-17
6577.705078125 8.728070249818486e-17
6578.18017578125 8.763155434445623e-17
6578.8798828125 8.814962702102058e-17
6579.1298828125 8.833445887896912e-17
6581.02880859375 8.967510266231165e-17
6583.17822265625 9.115157254860824e-17
6586.77685546875 9.346928126024142e-17
6587.47705078125 9.38964742336665e-17
6587.9111328125 9.416208409462145e-17
6588.1767578125 9.432269695682031e-17
6588.44287109375 9.447999493033956e-17
6588.97509765625 9.47901275571421e-17
6590.0390625 9.539898773797426e-17
6591.02294921875 9.594933224980792e-17
6592.166015625 9.657870276549123e-17
6593.01416015625 9.703030256749372e-17
6593.30908203125 9.718524076586554e-17
6595.59423828125 9.833663331971191e-17
6598.173828125 9.955133853088303e-17
6603.3349609375 1.0180228535854153e-16
6608.49609375 1.0378517825894301e-16
6613.65576171875 1.055842819281659e-16
6618.81689453125 1.0718642334547733e-16
6623.97705078125 1.0861970477760544e-16
6634.298828125 1.1106549573068152e-16
6644.6201171875 1.1308407454045587e-16
6654.94091796875 1.147590857848515e-16
6665.26220703125 1.1612637755662699e-16
6675.583984375 1.1723719602913913e-16
6685.90478515625 1.1812784941635295e-16
6696.22607421875 1.1881710083382645e-16
6701.6171875 1.191092997675395e-16
6706.546875 1.1933949687630766e-16
6711.47705078125 1.195371469487391e-16
6721.3359375 1.1984315178124621e-16
6741.05517578125 1.2015391809117751e-16
6760.77294921875 1.2014779073773029e-16
6780.4921875 1.1990506951148562e-16
6800.2109375 1.1948598271337919e-16
6815.080078125 1.19087710647691e-16
6819.92919921875 1.189425421042088e-16
6824.77880859375 1.1879183682840462e-16
6834.47900390625 1.1847747419906093e-16
6853.876953125 1.1781418780207537e-16
6892.6748046875 1.162914184189608e-16
6931.47216796875 1.1460143467240068e-16
6970.27001953125 1.128160851011077e-16
6986.5830078125 1.120480364096185e-16
7047.865234375 1.0914199339334592e-16
7109.14599609375 1.0623344847252179e-16
7170.42822265625 1.0337575512842233e-16
7231.708984375 1.0057390079586025e-16
7292.9912109375 9.784747075994584e-17
7315.02978515625 9.688777486515259e-17
7354.27197265625 9.52068563883268e-17
7393.51416015625 9.361476292155865e-17
7471.9990234375 9.041218105871219e-17
7550.48388671875 8.734729902365014e-17
7580.05615234375 8.622675719093453e-17
7628.96923828125 8.441354923328651e-17
7677.880859375 8.264359886119347e-17
7775.70703125 7.922704261871247e-17
7784.81591796875 7.891767757451002e-17
7873.5322265625 7.598686033711028e-17
7962.248046875 7.319251795515179e-17
8019.37890625 7.146150475181979e-17
8050.9638671875 7.052731301792299e-17
8082.5498046875 6.960809492120204e-17
8088.5908203125 6.943414232272731e-17
8145.72021484375 6.781449976096866e-17
8200.849609375 6.629717646011804e-17
8202.849609375 6.624298307808719e-17
8204.8486328125 6.61887842280035e-17
8208.84765625 6.60805468600342e-17
8216.845703125 6.586335098384521e-17
8232.841796875 6.543184307459892e-17
8264.8330078125 6.457829668100716e-17
8289.71484375 6.39247380984489e-17
8328.81640625 6.291384926620356e-17
8343.44140625 6.254091761889883e-17
8367.916015625 6.192321080956477e-17
8371.46484375 6.183416603360413e-17
8388.68359375 6.140499230429956e-17
8392.390625 6.131328181201497e-17
8408.650390625 6.091203204525909e-17
8413.318359375 6.079722253953862e-17
8432.0244140625 6.03412985483618e-17
8437.951171875 6.019724693975306e-17
8467.251953125 5.949282719286665e-17
8473.9775390625 5.933279443072385e-17
8502.4814453125 5.865979206859232e-17
8516.583984375 5.833060175462831e-17
8530.9833984375 5.799652733518196e-17
8545.3818359375 5.766678604870084e-17
8549.9716796875 5.756229538874882e-17
8574.1796875 5.701255373383429e-17
8598.3876953125 5.64710254600089e-17
8628.5966796875 5.580411453868684e-17
8646.8046875 5.5406424624948236e-17
8652.390625 5.528515488299442e-17
8665.0126953125 5.501179038451574e-17
8685.5869140625 5.4571004392978925e-17
8701.4287109375 5.4234639898561706e-17
8750.4677734375 5.320013207501551e-17
8767.9169921875 5.2840829421645386e-17
8815.349609375 5.1874790816347333e-17
8862.7822265625 5.0942534714563896e-17
8900.3828125 5.0227749608592083e-17
8957.646484375 4.912409299480101e-17
9014.908203125 4.8039985851858046e-17
9044.6240234375 4.752131690435461e-17
9072.1708984375 4.7045848766374654e-17
9099.716796875 4.656288441757288e-17
9154.8095703125 4.5596765429657573e-17
9190.7978515625 4.494134770589533e-17
9209.9033203125 4.459642792650614e-17
9229.0087890625 4.427297321146238e-17
9267.220703125 4.367796299924313e-17
9303.2041015625 4.3192385077148447e-17
9343.6435546875 4.260918814360934e-17
9384.083984375 4.198093843570808e-17
9464.9638671875 4.0608788376797127e-17
9545.72265625 3.902996916970196e-17
9545.84375 3.902827945593108e-17
9545.96484375 3.9026585929102805e-17
9546.20703125 3.90237319261536e-17
9546.69140625 3.901872066411284e-17
9547.658203125 3.901079879621579e-17
9549.59375 3.892818202033867e-17
9553.46484375 3.8903511363028043e-17
9554.6083984375 3.889672818733362e-17
9557.3359375 3.888093641405234e-17
9565.078125 3.88427985412556e-17
9580.5615234375 3.876085899175554e-17
9611.529296875 3.8537700030170966e-17
9668.451171875 3.801398990863924e-17
9725.3720703125 3.7389723555870646e-17
9782.2939453125 3.666823053324707e-17
9839.21484375 3.585232755844436e-17
9839.4541015625 3.584855192752933e-17
9867.794921875 3.5437985142161125e-17
9896.13671875 3.493850684443308e-17
9924.4775390625 3.4371507532070953e-17
9952.8193359375 3.3790436060246644e-17
9969.6396484375 3.3409589257512465e-17
10009.501953125 3.244918351666509e-17
10029.4326171875 3.195687226115898e-17
10039.3994140625 3.174719754047559e-17
10049.3642578125 3.163051537243748e-17
10059.3291015625 3.1548172809947565e-17
10069.294921875 3.155728272856336e-17
10079.2607421875 3.159865002653939e-17
10089.2255859375 3.1642669679058123e-17
10109.1572265625 3.171645428467629e-17
10149.0185546875 3.1795670476916686e-17
10188.880859375 3.1751601353618106e-17
10220.2998046875 3.165049209112217e-17
10228.7431640625 3.161286424109334e-17
10237.1865234375 3.156993443193415e-17
10254.0732421875 3.147486721966109e-17
10287.845703125 3.125972036607714e-17
10355.3916015625 3.073208905469992e-17
10389.1640625 3.044711909017319e-17
10406.05078125 3.030128635524486e-17
10414.4951171875 3.0227907714316684e-17
10422.9365234375 3.0154161364448886e-17
10427.1591796875 3.0117107036426635e-17
10431.380859375 3.008004906326744e-17
10433.4912109375 3.006160803303489e-17
10435.6015625 3.004298744588603e-17
10436.658203125 3.0033766663335046e-17
10437.1845703125 3.0029156540613944e-17
10437.44921875 3.0026762555493347e-17
10437.712890625 3.002436824970325e-17
10437.8447265625 3.0023170130842634e-17
10437.9765625 3.002215073987458e-17
10438.109375 3.00209548435007e-17
10438.240234375 2.984637123246703e-17
10438.3720703125 2.984517286092347e-17
10438.50390625 2.9843799597470314e-17
10438.6357421875 2.984242440831219e-17
10438.767578125 2.9841227948038946e-17
10438.900390625 2.9840029867822105e-17
10439.0322265625 2.983865658943711e-17
10439.1640625 2.9837458196953855e-17
10439.2958984375 2.983608491110993e-17
10439.427734375 2.983488843352152e-17
10439.5595703125 2.9833690030697885e-17
10439.6923828125 2.983231703898831e-17
10439.82421875 2.9831118629176496e-17
10439.9560546875 2.982974532479445e-17
10440.087890625 2.982854690800669e-17
10440.2197265625 2.9827173596165596e-17
10440.3515625 2.982597517240188e-17
10440.484375 2.9824602158222174e-17
10440.615234375 2.9823405344256594e-17
10440.7470703125 2.982220691015228e-17
10440.87890625 2.9820833579786855e-17
10441.0107421875 2.981963513870649e-17
10441.142578125 2.981826180088192e-17
10441.275390625 2.981706365786884e-17
10441.4072265625 2.9815690312571025e-17
10441.5380859375 2.9814491552509184e-17
10441.669921875 2.98131181997662e-17
10441.8017578125 2.9811921659676043e-17
10441.93359375 2.98105463775553e-17
10442.06640625 2.980935013545873e-17
10442.1982421875 2.980797484585933e-17
10442.330078125 2.9806778291815194e-17
10442.4619140625 2.9805402994751175e-17
10442.59375 2.980420643373612e-17
10442.7255859375 2.980300794742192e-17
10442.8583984375 2.980163486610697e-17
10442.990234375 2.980025955409956e-17
10443.1220703125 2.9799062979130344e-17
10443.25390625 2.979786640079907e-17
10443.3857421875 2.9796491077718006e-17
10443.517578125 2.979529449241572e-17
10443.650390625 2.979391946667648e-17
10443.7822265625 2.97927228743909e-17
10443.9140625 2.9791347536366226e-17
10444.0458984375 2.979015093710957e-17
10444.177734375 2.978877559162008e-17
10444.30859375 2.9787578680650613e-17
10444.44140625 2.9786205554409643e-17
10444.5732421875 2.978500701923909e-17
10444.705078125 2.978363358079684e-17
10444.8369140625 2.978243503864982e-17
10444.9677734375 2.9781061288072936e-17
10445.099609375 2.977986273896167e-17
10445.232421875 2.9778489590262966e-17
10445.3642578125 2.9777291034162906e-17
10445.49609375 2.977591757334176e-17
10445.6279296875 2.9774720932260696e-17
10445.759765625 2.9773345541984305e-17
10445.8916015625 2.977214889393196e-17
10446.0244140625 2.9770773800760325e-17
10446.15625 2.9769577145724426e-17
10446.2880859375 2.9768201740503867e-17
10446.419921875 2.976700507849664e-17
10446.5517578125 2.9765629665810983e-17
10446.68359375 2.9764432996832375e-17
10446.81640625 2.976305788117245e-17
10446.9482421875 2.97618612052102e-17
10447.080078125 2.976048769960499e-17
10447.2119140625 2.975928909464653e-17
10447.34375 2.9757915581581436e-17
10447.4755859375 2.975671696964621e-17
10447.6083984375 2.975534375353314e-17
10447.740234375 2.975414513460885e-17
10447.8720703125 2.9752771606609857e-17
10448.0029296875 2.9751572676335394e-17
10448.134765625 2.975019914089048e-17
10448.2666015625 2.974900243007346e-17
10448.3984375 2.974762696511987e-17
10448.5302734375 2.974643024733128e-17
10448.662109375 2.974505477491234e-17
10448.7939453125 2.9743858050152137e-17
10448.92578125 2.9742482570267835e-17
10449.0576171875 2.9741109008592e-17
10449.1904296875 2.973991065544034e-17
10449.322265625 2.9738536980007126e-17
10449.4541015625 2.9737328793630076e-17
10449.5859375 2.973594569592117e-17
10449.7177734375 2.9734739426240523e-17
10449.849609375 2.9733531231888823e-17
10449.982421875 2.9732148359302264e-17
10450.1142578125 2.973076332800078e-17
10450.24609375 2.9729557047559475e-17
10450.3779296875 2.97281720105031e-17
10450.509765625 2.9726965724686185e-17
10450.6416015625 2.972558068187489e-17
10450.7744140625 2.9724374624274956e-17
10450.90625 2.9722989575697853e-17
10451.0380859375 2.9721783279120185e-17
10451.169921875 2.972040014688664e-17
10451.3017578125 2.971919192283479e-17
10451.43359375 2.971780878485037e-17
10451.5654296875 2.971660055541875e-17
10451.6962890625 2.9715217178162793e-17
10451.828125 2.97138321093614e-17
10451.9599609375 2.9712625793885513e-17
10452.091796875 2.9711240719329126e-17
10452.2236328125 2.9710034398477505e-17
10452.3564453125 2.970865147375198e-17
10452.48828125 2.970744322539827e-17
10452.6201171875 2.970606006144186e-17
10452.751953125 2.970485180770832e-17
10452.8837890625 2.970346863800092e-17
10453.015625 2.9702260378887514e-17
10453.1484375 2.970087743683706e-17
10453.2802734375 2.969966917233429e-17
10453.412109375 2.9698285991113996e-17
10453.5439453125 2.969690088479018e-17
10453.67578125 2.969569453426e-17
10453.8076171875 2.969431134432036e-17
10453.9404296875 2.969310329962189e-17
10454.072265625 2.969172010392031e-17
10454.2041015625 2.969051182048556e-17
10454.3359375 2.9689128619032885e-17
10454.4677734375 2.968792033021818e-17
10454.599609375 2.9686537123014414e-17
10454.732421875 2.9685329062105494e-17
10454.8642578125 2.968394584913973e-17
10454.99609375 2.968273947171326e-17
10455.126953125 2.9681354097584144e-17
10455.2578125 2.967997064266609e-17
10455.3896484375 2.967876233493812e-17
10455.5224609375 2.9677379340746716e-17
10455.654296875 2.967617102762921e-17
10455.7861328125 2.967478779445247e-17
10455.91796875 2.9673579475954905e-17
10456.0498046875 2.9672196237026957e-17
10456.181640625 2.967098791314933e-17
10456.314453125 2.9669604901632355e-17
10456.4462890625 2.966822165397391e-17
10456.578125 2.966701332192387e-17
10456.7099609375 2.966563006851417e-17
10456.841796875 2.966442173108402e-17
10456.9736328125 2.9663038471923067e-17
10457.1064453125 2.9661830362213874e-17
10457.23828125 2.966044709729075e-17
10457.3701171875 2.965906190720479e-17
10457.501953125 2.965785547841641e-17
10457.6337890625 2.965647028257505e-17
10457.765625 2.965526384841058e-17
10457.8984375 2.9653880802055e-17
10458.0302734375 2.965249559747684e-17
10458.162109375 2.9651289155145933e-17
10458.2939453125 2.9649903944812335e-17
10458.4248046875 2.9648697264107403e-17
10458.556640625 2.964731204802924e-17
10458.689453125 2.9646105827933035e-17
10458.8212890625 2.964472060608851e-17
10458.9521484375 2.9643513914671985e-17
10459.083984375 2.9642128687082856e-17
10459.2158203125 2.96407453787441e-17
10459.34765625 2.963953891213713e-17
10459.48046875 2.963815390873697e-17
10459.6123046875 2.9636947436744295e-17
10459.744140625 2.9635562194662676e-17
10459.8759765625 2.963435571729377e-17
10460.0078125 2.963297046945661e-17
10460.1396484375 2.9631763986711455e-17
10460.2724609375 2.963037896597264e-17
10460.404296875 2.9628995631637725e-17
10460.5361328125 2.9627787218482504e-17
10460.66796875 2.9626403878396074e-17
10460.7998046875 2.962519738210795e-17
10460.931640625 2.962381211402251e-17
10461.064453125 2.9622428998007424e-17
10461.1962890625 2.962122057129895e-17
10461.328125 2.961983721672997e-17
10461.4599609375 2.9618451936934736e-17
10461.591796875 2.961724542432052e-17
10461.7236328125 2.961586013876961e-17
10461.85546875 2.961465362077903e-17
10461.9873046875 2.961326832947242e-17
10462.119140625 2.9611884957461004e-17
10462.2509765625 2.961067843131305e-17
10462.3828125 2.960929313128008e-17
10462.5146484375 2.960808659975572e-17
10462.646484375 2.9606701293967006e-17
10462.7783203125 2.960531790748366e-17
10462.91015625 2.960410944552176e-17
10463.0419921875 2.960272605328673e-17
10463.173828125 2.960151758594429e-17
10463.3056640625 2.960013418795755e-17
10463.4384765625 2.9598749097319254e-17
10463.5703125 2.959754254409198e-17
10463.7021484375 2.959615913737399e-17
10463.833984375 2.959495065647786e-17
10463.9658203125 2.959356724400812e-17
10464.09765625 2.9592181906271216e-17
10464.23046875 2.959097557205415e-17
10464.3623046875 2.9589590228550504e-17
10464.494140625 2.958838365640315e-17
10464.6259765625 2.958699830714363e-17
10464.7578125 2.958561487722002e-17
10464.8896484375 2.95844063746043e-17
10465.0224609375 2.958302317141065e-17
10465.154296875 2.9581816585719595e-17
10465.28515625 2.958043098950521e-17
10465.4169921875 2.957904754510922e-17
10465.548828125 2.957783902894902e-17
10465.6806640625 2.957645557880115e-17
10465.8134765625 2.957507043577883e-17
10465.9453125 2.957386383377029e-17
10466.0771484375 2.9572478452561816e-17
10466.208984375 2.957127184517664e-17
10466.33984375 2.956988622583363e-17
10466.4716796875 2.9568502758242416e-17
10466.603515625 2.95672961427089e-17
10466.736328125 2.956591097937581e-17
10466.8681640625 2.956470435845612e-17
10467.0 2.956331895700879e-17
10467.1318359375 2.956193547493402e-17
10467.263671875 2.9560726923509e-17
10467.396484375 2.9559343667977936e-17
10467.5283203125 2.95581351111626e-17
10467.66015625 2.955675161757296e-17
10467.7919921875 2.955536619865889e-17
10467.923828125 2.9554159556035126e-17
10468.0556640625 2.955277413136494e-17
10468.1884765625 2.955156771559898e-17
10468.3203125 2.9550184207525574e-17
10468.4521484375 2.9548798774117494e-17
10468.5830078125 2.9547591885746125e-17
10468.71484375 2.954620644659278e-17
10468.8466796875 2.954482292683845e-17
10468.978515625 2.954361434014788e-17
10469.111328125 2.954223104680266e-17
10469.2431640625 2.9540845595938417e-17
10469.375 2.953963892345222e-17
10469.5068359375 2.9538253466831767e-17
10469.638671875 2.9536869929622555e-17
10469.771484375 2.953566348108784e-17
10469.9033203125 2.953427801572934e-17
10470.0341796875 2.953289423770038e-17
10470.166015625 2.953168562650554e-17
10470.2978515625 2.953030207482309e-17
10470.4296875 2.9528916597775315e-17
10470.5615234375 2.9527709900812594e-17
10470.6943359375 2.952632465004472e-17
10470.826171875 2.9525117947695555e-17
10470.9580078125 2.952373245912428e-17
10471.08984375 2.952234888998664e-17
10471.2216796875 2.9521142179479215e-17
10471.353515625 2.9519756682180625e-17
10471.486328125 2.951837333629551e-17
10471.6181640625 2.9517164695205466e-17
10471.75 2.9515781111583475e-17
10471.8818359375 2.951457246511232e-17
10472.0126953125 2.951318864380504e-17
10472.14453125 2.9511803129049685e-17
10472.27734375 2.9510596628759104e-17
10472.4091796875 2.950921110823645e-17
10472.541015625 2.950782750716983e-17
10472.6728515625 2.95064419807031e-17
10472.8046875 2.9505235237548636e-17
10472.9365234375 2.9503851627760665e-17
10473.0693359375 2.950246632441516e-17
10473.201171875 2.950125957309275e-17
10473.3330078125 2.949987403213116e-17
10473.46484375 2.9498667275431605e-17
10473.595703125 2.9497281496905564e-17
10473.7275390625 2.949589786967273e-17
10473.8603515625 2.949468941416223e-17
10473.9921875 2.9493305781166075e-17
10474.1240234375 2.9491920222747306e-17
10474.255859375 2.949071344972861e-17
10474.3876953125 2.948932788555328e-17
10474.51953125 2.948794424086454e-17
10474.65234375 2.9486737691412336e-17
10474.7841796875 2.948535211849846e-17
10474.916015625 2.9483968465077284e-17
10475.0478515625 2.9482582886219166e-17
10475.1796875 2.948137609409025e-17
10475.310546875 2.947999027780344e-17
10475.443359375 2.9478783711969346e-17
10475.5751953125 2.9477398121597976e-17
10475.70703125 2.947601445073152e-17
10475.8388671875 2.947480572258649e-17
10475.970703125 2.9473422045967446e-17
10476.1025390625 2.9472038366379306e-17
10476.2353515625 2.947065299293452e-17
10476.3671875 2.946944617631786e-17
10476.4990234375 2.9468060565506784e-17
10476.630859375 2.946667687421488e-17
10476.7626953125 2.946546812694498e-17
10476.89453125 2.9464084429900436e-17
10477.02734375 2.946269903892446e-17
10477.1591796875 2.946149220597858e-17
10477.2900390625 2.946010634618294e-17
10477.421875 2.9458899507869146e-17
10477.5537109375 2.9457513873843446e-17
10477.685546875 2.94561301593532e-17
10477.818359375 2.9454923544355564e-17
10477.9501953125 2.945353790159098e-17
10478.08203125 2.9452154178367973e-17
10478.2138671875 2.945094540120993e-17
10478.345703125 2.9449561672234165e-17
10478.4775390625 2.9448176017768284e-17
10478.6103515625 2.944696938637864e-17
10478.7412109375 2.944558349474331e-17
10478.873046875 2.9444199754074356e-17
10479.0048828125 2.94428140879071e-17
10479.13671875 2.944160721416222e-17
10479.2685546875 2.9440221542238065e-17
10479.4013671875 2.943901489446573e-17
10479.533203125 2.943763113931104e-17
10479.6650390625 2.9436245458647824e-17
10479.796875 2.9435038571356806e-17
10479.9287109375 2.943365288493664e-17
10480.060546875 2.9432269118088596e-17
10480.193359375 2.94310605313785e-17
10480.3251953125 2.942967675876669e-17
10480.45703125 2.9428291060634067e-17
10480.5888671875 2.94269072820817e-17
10480.720703125 2.942569845312352e-17
10480.8525390625 2.942431466881824e-17
10480.984375 2.942310775703807e-17
10481.1162109375 2.9421722044420116e-17
10481.248046875 2.942033825139261e-17
10481.3798828125 2.941912940888731e-17
10481.51171875 2.9417745610106834e-17
10481.6435546875 2.9416359885787135e-17
10481.7763671875 2.941497631222718e-17
10481.908203125 2.94137674587612e-17
10482.0400390625 2.9412383648276204e-17
10482.1708984375 2.94109976811139e-17
10482.302734375 2.940979074207e-17
10482.4345703125 2.940840500029137e-17
10482.5673828125 2.940702140922218e-17
10482.69921875 2.9405814462009375e-17
10482.8310546875 2.940442871149134e-17
10482.962890625 2.940304488059023e-17
10483.0947265625 2.9401659124127396e-17
10483.2265625 2.940045216597138e-17
10483.359375 2.93990666347875e-17
10483.4912109375 2.939768279218166e-17
10483.623046875 2.939647390325611e-17
10483.7548828125 2.939509005489714e-17
10483.88671875 2.9393704280964175e-17
10484.0185546875 2.939249730647758e-17
10484.1513671875 2.9391111757760995e-17
10484.283203125 2.93897278976972e-17
10484.4150390625 2.938834403466401e-17
10484.546875 2.9387135126611744e-17
10484.677734375 2.938575102689387e-17
10484.8095703125 2.938436523253005e-17
10484.9423828125 2.9383158469851544e-17
10485.07421875 2.938177266971953e-17
10485.2060546875 2.9380388789239063e-17
10485.337890625 2.937900298316209e-17
10485.46875 2.937779574775051e-17
10485.6005859375 2.9376409935927086e-17
10485.7333984375 2.9375026274610535e-17
10485.865234375 2.937381733927295e-17
10485.9970703125 2.9372433441345034e-17
10486.12890625 2.937104954044766e-17
10486.2607421875 2.936984059694418e-17
10486.392578125 2.93684566902935e-17
10486.525390625 2.9367071088812606e-17
10486.6572265625 2.9365687176210066e-17
10486.7890625 2.936447822174524e-17
10486.9208984375 2.936309430338936e-17
10487.052734375 2.9361708459410376e-17
10487.1845703125 2.936032453511347e-17
10487.3173828125 2.935911580041891e-17
10487.44921875 2.9357731870357744e-17
10487.5810546875 2.9356346014665285e-17
10487.712890625 2.93551389637348e-17
10487.8447265625 2.935375502495071e-17
10487.9765625 2.935236916052921e-17
10488.109375 2.935098544646232e-17
10488.2412109375 2.93497764619085e-17
10488.3720703125 2.934839228078111e-17
10488.50390625 2.9347006404656897e-17
10488.6357421875 2.934562244823715e-17
10488.767578125 2.934441345274074e-17
10488.8994140625 2.934302949056751e-17
10489.03125 2.9341643602740505e-17
10489.1630859375 2.934025963462612e-17
10489.294921875 2.9339050628177523e-17
10489.4267578125 2.933766665430962e-17
10489.55859375 2.933628075477976e-17
10489.69140625 2.933507389339053e-17
10489.8232421875 2.933368991078862e-17
10489.955078125 2.9332304002518614e-17
10490.0869140625 2.9330920013975473e-17
10490.21875 2.932953409976014e-17
10490.3505859375 2.9328326994102114e-17
10490.4833984375 2.9326941304598434e-17
10490.7470703125 2.932417137842032e-17
10491.275390625 2.931898550109368e-17
10492.3291015625 2.930808416939387e-17
10494.44140625 2.9286632039553636e-17
10498.6630859375 2.9243549899273097e-17
10507.10546875 2.915666885542479e-17
10523.9921875 2.8981455907086406e-17
10557.7646484375 2.866754230860965e-17
10625.3095703125 2.7866431012998197e-17
10659.0830078125 2.7415296925420217e-17
10692.8564453125 2.693466200840431e-17
10726.62890625 2.6390985292389856e-17
10760.4013671875 2.5789181282742897e-17
10794.173828125 2.5144818587620737e-17
10827.947265625 2.4422365686746325e-17
10852.900390625 2.383862866464961e-17
10861.7197265625 2.362122447247378e-17
10874.1962890625 2.329118131361948e-17
10895.4931640625 2.2698536819779003e-17
10906.140625 2.2352318660538163e-17
10916.7890625 2.198817958619239e-17
10927.4365234375 2.1571102317110516e-17
10932.7607421875 2.1334395206229543e-17
10935.4228515625 2.1200123485224122e-17
10936.75390625 2.1126953459061082e-17
10938.0849609375 2.106525167090709e-17
10939.416015625 2.1110035210802557e-17
10940.7470703125 2.1167273901190457e-17
10942.078125 2.12200542632225e-17
10943.4091796875 2.1268389661706213e-17
10944.740234375 2.131633049488636e-17
10946.0712890625 2.135709168334629e-17
10947.40234375 2.139940336343396e-17
10948.7333984375 2.1438898424854052e-17
10950.064453125 2.147623098969127e-17
10951.39453125 2.1511300467121526e-17
10952.7255859375 2.1546118048912313e-17
10954.056640625 2.1580934444229523e-17
10955.3876953125 2.1613734823460008e-17
10956.71875 2.1645044063869666e-17
10958.05078125 2.167637730233156e-17
10959.380859375 2.170766647942261e-17
10962.04296875 2.1770289638123976e-17
10967.3671875 2.187751298623759e-17
10978.0146484375 2.2074828830243437e-17
10999.310546875 2.238092801507088e-17
11020.6083984375 2.2611221315928854e-17
11041.904296875 2.2796457127670018e-17
11063.2001953125 2.2930176562361154e-17
11084.49609375 2.3030059158460933e-17
11105.7919921875 2.3118333508221227e-17
11127.0888671875 2.315849121138972e-17
11169.6806640625 2.3198935619885803e-17
11212.2734375 2.313297844565582e-17
11248.822265625 2.3030346070669798e-17
11254.8662109375 2.3008375197260848e-17
11260.908203125 2.298640950949604e-17
11272.994140625 2.2932644808450165e-17
11297.1650390625 2.2820539280308343e-17
11345.5068359375 2.2567151165530328e-17
11393.8486328125 2.229148363485985e-17
11418.01953125 2.2170149826762715e-17
11430.1064453125 2.21477704314891e-17
11436.1484375 2.213658166773161e-17
11439.1708984375 2.213098227547902e-17
11442.1923828125 2.2125386298847528e-17
11445.212890625 2.211305498944345e-17
11448.234375 2.2092819841318197e-17
11451.255859375 2.2072581758459604e-17
11454.27734375 2.2052344616043675e-17
11457.298828125 2.2032104538727117e-17
11460.3203125 2.2011865401874393e-17
11463.3408203125 2.1991630908402967e-17
11466.36328125 2.1971382198518125e-17
11469.3837890625 2.1951145710991593e-17
11472.4052734375 2.1930902585174477e-17
11475.4267578125 2.1910749548278397e-17
11478.4482421875 2.1890752500742392e-17
11481.4697265625 2.1870754467801247e-17
11484.4912109375 2.1850755449418855e-17
11487.51171875 2.183076302678037e-17
11490.5341796875 2.181075445618596e-17
11493.5556640625 2.1790754419552733e-17
11496.5771484375 2.1770651254661487e-17
11499.59765625 2.1750527397798675e-17
11502.619140625 2.1730395167281416e-17
11505.6396484375 2.1710333779259585e-17
11508.6630859375 2.169041547874772e-17
11511.68359375 2.167051737145798e-17
11514.705078125 2.1650610897819405e-17
11517.7255859375 2.163070936914196e-17
11520.7470703125 2.1610803350707472e-17
11523.7685546875 2.1590894651846038e-17
11526.791015625 2.157097952366853e-17
11529.8115234375 2.155107696721562e-17
11532.8330078125 2.153116604272001e-17
11535.85546875 2.1511316545914662e-17
11538.8759765625 2.1491764632527662e-17
11544.9189453125 2.1452647242838627e-17
11557.00390625 2.1374409405919687e-17
11581.17578125 2.1217887361026708e-17
11629.517578125 2.090967885976356e-17
11726.2021484375 2.0308858055125246e-17
11822.88671875 1.973017422977523e-17
11919.572265625 1.9171655986654274e-17
11967.9130859375 1.888961967079529e-17
11992.0849609375 1.8716148239268683e-17
12004.1708984375 1.8629392196252414e-17
12010.212890625 1.858601700214404e-17
12013.234375 1.8564325334222377e-17
12014.74609375 1.8553471530520468e-17
12016.255859375 1.8542630915191947e-17
12017.0107421875 1.8537211504242084e-17
12017.388671875 1.8534498918388307e-17
12017.7666015625 1.8531784375412582e-17
12017.9560546875 1.853042326541546e-17
12018.14453125 1.852907176432126e-17
12018.3330078125 1.8527718315580016e-17
12018.5224609375 1.8526357196098928e-17
12018.7109375 1.852500374106195e-17
12018.900390625 1.8523644559769877e-17
12019.087890625 1.8522296821569886e-17
12019.27734375 1.852093763396951e-17
12019.4658203125 1.8519584166360254e-17
12019.6552734375 1.8518224972436688e-17
12019.84375 1.8516871498533866e-17
12020.0322265625 1.851551802149165e-17
12020.220703125 1.8514164541310026e-17
12020.41015625 1.8512803390218052e-17
12020.5986328125 1.8511449903740584e-17
12020.7880859375 1.8510088746318618e-17
12020.9765625 1.850873719808884e-17
12021.166015625 1.8507376034339112e-17
12021.35546875 1.8506016811963866e-17
12021.5439453125 1.8504663309742658e-17
12021.732421875 1.8503309804382005e-17
12021.9208984375 1.8501956295881892e-17
12022.1103515625 1.8500595116317854e-17
12022.298828125 1.849924354608105e-17
12022.48828125 1.8497882360189175e-17
12022.67578125 1.849653650707501e-17
12022.865234375 1.8495175314870137e-17
12023.0537109375 1.8493831510342443e-17
12023.2431640625 1.8492746440823778e-17
12023.4306640625 1.8491670871133176e-17
12023.6201171875 1.849058579656899e-17
12023.80859375 1.8489504498386904e-17
12023.998046875 1.8488419418763948e-17
12024.1865234375 1.8487340060126646e-17
12024.3759765625 1.8486253030863252e-17
12024.5654296875 1.848516794364664e-17
12024.75390625 1.848408857745525e-17
12024.943359375 1.848300154059143e-17
12025.130859375 1.848192789295402e-17
12025.3203125 1.8480842795635235e-17
12025.5087890625 1.847976341939434e-17
12025.6982421875 1.847867831701896e-17
12025.88671875 1.8477596991145983e-17
12026.076171875 1.8476511883711748e-17
12026.2646484375 1.847543249740812e-17
12026.453125 1.8474353108595927e-17
12026.6416015625 1.8473273717275178e-17
12026.830078125 1.8472192378832815e-17
12027.0185546875 1.8471111037877405e-17
12027.2080078125 1.8470025915295164e-17
12027.3974609375 1.8468940790177977e-17
12027.5859375 1.8467861386283568e-17
12027.775390625 1.8466774311485424e-17
12027.9638671875 1.8465694902558446e-17
12028.1533203125 1.8464609767325616e-17
12028.341796875 1.8463530353368284e-17
12028.5302734375 1.8462448992269117e-17
12028.71875 1.846136957329233e-17
12028.908203125 1.8460284427956997e-17
12029.0966796875 1.8459205003949827e-17
12029.2861328125 1.845811790891553e-17
12029.474609375 1.845703847987572e-17
12029.6640625 1.8455953324424595e-17
12029.8525390625 1.845487389035437e-17
12030.041015625 1.845379250912433e-17
12030.228515625 1.8452718793976703e-17
12030.41796875 1.845163168378052e-17
12030.607421875 1.8450546515702706e-17
12030.7958984375 1.8449467069071594e-17
12030.9853515625 1.8448381895936943e-17
12031.173828125 1.8447300499610734e-17
12031.36328125 1.8446215321416976e-17
12031.5517578125 1.844513586472265e-17
12031.7412109375 1.8444050681472015e-17
12031.9287109375 1.8442976943807946e-17
12032.1181640625 1.844188981083781e-17
12032.306640625 1.8440810344093343e-17
12032.49609375 1.8439725150739878e-17
12032.6845703125 1.8438645678964857e-17
12032.8740234375 1.8437558535869666e-17
12033.0634765625 1.8436473334921943e-17
12033.251953125 1.8435393855592256e-17
12033.44140625 1.8434306704896043e-17
12033.62890625 1.8433231000019182e-17
12033.8173828125 1.8432151513158845e-17
12034.005859375 1.8431072023789773e-17
12034.1953125 1.842998680769307e-17
12034.3837890625 1.8428907313293372e-17
12034.5732421875 1.8427820147434694e-17
12034.76171875 1.8426740648002108e-17
12034.951171875 1.842565542178913e-17
12035.1396484375 1.842457591732588e-17
12035.328125 1.842349641035386e-17
12035.5166015625 1.84224149561569e-17
12035.7060546875 1.8421329719840795e-17
12035.89453125 1.842024826060641e-17
12036.083984375 1.8419163019230977e-17
12036.2734375 1.841807777532039e-17
12036.4619140625 1.8416996308524377e-17
12036.6513671875 1.8415913004284087e-17
12036.83984375 1.8414831532452842e-17
12037.0283203125 1.8413750058108317e-17
12037.216796875 1.8412670525986872e-17
12037.4052734375 1.8411590991356613e-17
12037.59375 1.841051145421754e-17
12037.783203125 1.840942619010038e-17
12037.9716796875 1.840834470318518e-17
12038.1611328125 1.8407259434008596e-17
12038.349609375 1.8406179886805677e-17
12038.5390625 1.8405094612571904e-17
12038.7265625 1.840401884011903e-17
12038.916015625 1.8402931616082477e-17
12039.10546875 1.8401848279023783e-17
12039.2939453125 1.8400766774487064e-17
12039.4833984375 1.839968148761235e-17
12039.671875 1.8398599978038032e-17
12039.861328125 1.8397514686103813e-17
12040.0498046875 1.8396435116261878e-17
12040.23828125 1.8395355543911073e-17
12040.4267578125 1.839427596905138e-17
12040.6162109375 1.8393188722239098e-17
12040.8046875 1.8392109142346243e-17
12040.994140625 1.839102383525113e-17
12041.181640625 1.8389949975033845e-17
12041.37109375 1.838886271810894e-17
12041.5595703125 1.8387783128165095e-17
12041.7490234375 1.8386697810966292e-17
12041.9365234375 1.8385621995958256e-17
12042.1259765625 1.8384536673713064e-17
12042.3154296875 1.838344940413568e-17
12042.50390625 1.8382369801616453e-17
12042.693359375 1.8381284471776336e-17
12042.8818359375 1.8380204864226083e-17
12043.0712890625 1.8379117584522694e-17
12043.259765625 1.8378037971939162e-17
12043.44921875 1.8376952631981976e-17
12043.63671875 1.8375878739245248e-17
12043.826171875 1.8374793394243844e-17
12044.0146484375 1.8373711826794257e-17
12044.2041015625 1.8372626476733152e-17
12044.392578125 1.8371546849067312e-17
12044.58203125 1.837046149394873e-17
12044.76953125 1.8369385641382656e-17
12044.958984375 1.8368298336389274e-17
12045.1484375 1.8367214918517105e-17
12045.3359375 1.836613905844147e-17
12045.525390625 1.8365053690694473e-17
12045.7138671875 1.8363972100597666e-17
12045.9033203125 1.8362886727790884e-17
12046.091796875 1.8361807077497925e-17
12046.28125 1.836072169963359e-17
12046.4697265625 1.8359640099463217e-17
12046.6591796875 1.8358554716539066e-17
12046.84765625 1.8357475056181474e-17
12047.0361328125 1.8356395393314846e-17
12047.224609375 1.8355315727939184e-17
12047.4140625 1.8354228390055626e-17
12047.6025390625 1.8353148719646486e-17
12047.7919921875 1.8352063321560496e-17
12047.9814453125 1.8350975976074902e-17
12048.169921875 1.8349896298110052e-17
12048.3583984375 1.834881467276749e-17
12048.546875 1.834773498978227e-17
12048.7353515625 1.8346655304287973e-17
12048.923828125 1.83455756162846e-17
12049.11328125 1.8344488255634517e-17
12049.3017578125 1.834340856259759e-17
12049.4912109375 1.8342323141765174e-17
12049.6796875 1.8341243443696907e-17
12049.869140625 1.8340156072920182e-17
12050.0576171875 1.833907636981833e-17
12050.2470703125 1.8337990938868212e-17
12050.4345703125 1.833691501119398e-17
12050.6240234375 1.8335831520092632e-17
12050.8134765625 1.833474413666469e-17
12051.001953125 1.8333664420988708e-17
12051.19140625 1.8332578977398534e-17
12051.3798828125 1.8331497311786612e-17
12051.5693359375 1.8330411863136398e-17
12051.7578125 1.832933019248631e-17
12051.947265625 1.8328244738776035e-17
12052.1337890625 1.832717645894316e-17
12052.3232421875 1.8326091000201492e-17
12052.51171875 1.8325011264421575e-17
12052.701171875 1.8323923855701837e-17
12052.8896484375 1.8322844114888192e-17
12053.0791015625 1.8321758646028563e-17
12053.267578125 1.8320678900183415e-17
12053.45703125 1.8319591481336706e-17
12053.646484375 1.8318506004881382e-17
12053.833984375 1.8317430032136038e-17
12054.0234375 1.8316344550633773e-17
12054.2119140625 1.8315262847273735e-17
12054.4013671875 1.8314177360711297e-17
12054.58984375 1.8313097597255615e-17
12054.779296875 1.831201210563523e-17
12054.9677734375 1.831093039220084e-17
12055.1572265625 1.8309844895520238e-17
12055.345703125 1.8308765121999138e-17
12055.5341796875 1.830768534596881e-17
12055.7216796875 1.8306611293150573e-17
12055.9111328125 1.830552384142211e-17
12056.099609375 1.8304444057861822e-17
12056.2890625 1.8303358546031427e-17
12056.4775390625 1.8302276812474434e-17
12056.6669921875 1.830119324055106e-17
12056.8564453125 1.830010577615744e-17
12057.044921875 1.829902598000918e-17
12057.2333984375 1.8297944236377618e-17
12057.421875 1.829686443520858e-17
12057.611328125 1.829577696069858e-17
12057.7998046875 1.829469715449559e-17
12057.9892578125 1.829361161990377e-17
12058.177734375 1.8292531808669048e-17
12058.3671875 1.829144432403162e-17
12058.5556640625 1.829036450776291e-17
12058.7451171875 1.8289278963052602e-17
12058.9326171875 1.828820486769759e-17
12059.1220703125 1.8287119317942352e-17
12059.310546875 1.8286037546624554e-17
12059.4990234375 1.8284957717793895e-17
12059.6884765625 1.8283872160455763e-17
12059.876953125 1.8282790381587872e-17
12060.06640625 1.8281704819189302e-17
12060.2548828125 1.8280623035282855e-17
12060.4443359375 1.8279537467823826e-17
12060.6318359375 1.8278463349957293e-17
12060.8212890625 1.8277377777453254e-17
12061.009765625 1.8276297928503937e-17
12061.19921875 1.827521040592053e-17
12061.3876953125 1.8274130551937097e-17
12061.5771484375 1.8273044969314312e-17
12061.765625 1.8271965110298978e-17
12061.955078125 1.827087757758781e-17
12062.1435546875 1.826979771353833e-17
12062.33203125 1.826871784697946e-17
12062.521484375 1.8267632251715302e-17
12062.7099609375 1.8266550435085426e-17
12062.8994140625 1.8265464834760698e-17
12063.0869140625 1.826438873932759e-17
12063.2763671875 1.8263303133955494e-17
12063.46484375 1.8262223252309433e-17
12063.654296875 1.826113569682869e-17
12063.8427734375 1.82600558101484e-17
12064.03125 1.8258975920958686e-17
12064.2197265625 1.825789602925954e-17
12064.4091796875 1.8256808463664043e-17
12064.59765625 1.8255728566930635e-17
12064.787109375 1.8254642941333725e-17
12064.9755859375 1.8253563039568265e-17
12065.1650390625 1.8252475463844705e-17
12065.353515625 1.8251395557044954e-17
12065.54296875 1.825030992132892e-17
12065.7314453125 1.8249230009497088e-17
12065.919921875 1.8248148150078592e-17
12066.109375 1.8247062506779224e-17
12066.2978515625 1.8245980642321904e-17
12066.4873046875 1.8244896939045717e-17
12066.67578125 1.8243815069551782e-17
12066.8642578125 1.8242735142632285e-17
12067.052734375 1.8241653268112652e-17
12067.2421875 1.824056760964648e-17
12067.4296875 1.8239493401721682e-17
12067.619140625 1.8238407738210197e-17
12067.8076171875 1.8237327798727782e-17
12067.9970703125 1.8236240185055882e-17
12068.185546875 1.823516024053904e-17
12068.375 1.823407456690816e-17
12068.564453125 1.823298694563279e-17
12068.7529296875 1.8231906993558813e-17
12068.9423828125 1.8230821312331178e-17
12069.1298828125 1.822974513676693e-17
12069.3193359375 1.8228659450491644e-17
12069.5078125 1.8227579488364092e-17
12069.697265625 1.8226491851908127e-17
12069.8857421875 1.8225411884746065e-17
12070.0751953125 1.8224326188351236e-17
12070.263671875 1.8223246216156885e-17
12070.4521484375 1.8222164296321955e-17
12070.640625 1.8221084319106215e-17
12070.8291015625 1.822000433938089e-17
12071.017578125 1.8218924357145982e-17
12071.20703125 1.8217838645599274e-17
12071.396484375 1.8216750986374376e-17
12071.5849609375 1.8215670996582132e-17
12071.7744140625 1.821458527743847e-17
12071.962890625 1.821350333746491e-17
12072.15234375 1.8212417613260246e-17
12072.3408203125 1.8211335668247574e-17
12072.529296875 1.8210255665876484e-17
12072.7177734375 1.8209175660995765e-17
12072.9072265625 1.8208087981524348e-17
12073.095703125 1.820700797160897e-17
12073.28515625 1.8205922232236667e-17
12073.4736328125 1.8204842217288854e-17
12073.6630859375 1.8203754527688586e-17
12073.8515625 1.820267450770608e-17
12074.0400390625 1.8201594485213915e-17
12074.2275390625 1.8200518242049392e-17
12074.4169921875 1.8199432487522512e-17
12074.6064453125 1.8198348675639928e-17
12074.794921875 1.8197264752730777e-17
12074.984375 1.8196180935791548e-17
12075.1728515625 1.819509895302574e-17
12075.3623046875 1.8194013185842775e-17
12075.55078125 1.8192931198037703e-17
12075.740234375 1.8191845425793575e-17
12075.927734375 1.8190771105277115e-17
12076.1171875 1.8189685327987266e-17
12076.3056640625 1.8188605275319554e-17
12076.4951171875 1.818751754776798e-17
12076.68359375 1.8186437490065443e-17
12076.873046875 1.818535170265542e-17
12077.0615234375 1.818427163992028e-17
12077.2509765625 1.8183183902239518e-17
12077.4404296875 1.8182098107232145e-17
12077.6279296875 1.8181023764189784e-17
12077.81640625 1.8179941746181838e-17
12078.0048828125 1.8178861670880366e-17
12078.1943359375 1.8177773920556187e-17
12078.3828125 1.8176693840219813e-17
12078.572265625 1.8175608030057286e-17
12078.7607421875 1.8174527944688235e-17
12078.9501953125 1.817344018423471e-17
12079.138671875 1.817236009383072e-17
12079.3271484375 1.817128000091695e-17
12079.515625 1.81701999054934e-17
12079.705078125 1.8169114080164587e-17
12079.8935546875 1.8168032034465167e-17
12080.0830078125 1.816694620407499e-17
12080.2724609375 1.8165860371148623e-17
12080.4609375 1.816478026313439e-17
12080.650390625 1.8163692479896758e-17
12080.8388671875 1.816261236684751e-17
12081.02734375 1.816153225128844e-17
12081.2158203125 1.8160450187960718e-17
12081.404296875 1.815937006737976e-17
12081.5927734375 1.815828799902566e-17
12081.7822265625 1.81572021458823e-17
12081.970703125 1.815612201775645e-17
12082.16015625 1.815503615955387e-17
12082.3486328125 1.8153956026395166e-17
12082.5380859375 1.8152868217858815e-17
12082.7255859375 1.8151793807271435e-17
12082.9150390625 1.8150707938961344e-17
12083.103515625 1.8149627795747813e-17
12083.29296875 1.8148539977094944e-17
12083.482421875 1.814745410118708e-17
12083.6708984375 1.8146373950415375e-17
12083.8603515625 1.8145288069448215e-17
12084.048828125 1.8144207913643583e-17
12084.2373046875 1.8143127755329064e-17
12084.42578125 1.8142051485098565e-17
12084.615234375 1.814096753932969e-17
12084.8037109375 1.8139891264081924e-17
12084.9931640625 1.8138807313264938e-17
12085.1806640625 1.8137734815471668e-17
12085.3701171875 1.813665085961752e-17
12085.55859375 1.8135572629035645e-17
12085.748046875 1.8134490613443758e-17
12085.935546875 1.8133416160355538e-17
12086.125 1.8132334139730937e-17
12086.314453125 1.8131250171259618e-17
12086.5029296875 1.813017387344803e-17
12086.6923828125 1.8129089899928525e-17
12086.880859375 1.8128011651773455e-17
12087.0703125 1.812692767320349e-17
12087.2587890625 1.8125849420024313e-17
12087.4482421875 1.8124767381736728e-17
12087.6357421875 1.8123694851484568e-17
12087.8251953125 1.8122612808166436e-17
12088.013671875 1.8121532599617035e-17
12088.203125 1.812045055125288e-17
12088.3916015625 1.8119372283018894e-17
12088.5810546875 1.8118288284264637e-17
12088.7685546875 1.811721573903437e-17
12088.9580078125 1.8116131735242782e-17
12089.1474609375 1.811504967427235e-17
12089.3349609375 1.8113979066909346e-17
12089.5244140625 1.8112895055553014e-17
12089.712890625 1.8111814824398764e-17
12089.90234375 1.8110732753351604e-17
12090.0908203125 1.810965446253287e-17
12090.2802734375 1.8108572386441838e-17
12090.46875 1.8107494090601082e-17
12090.658203125 1.810641006409519e-17
12090.8466796875 1.8105331763230162e-17
12091.03515625 1.8104253459859562e-17
12091.2236328125 1.8103177099361084e-17
12091.4130859375 1.810209306276935e-17
12091.6015625 1.8101016697253293e-17
12091.791015625 1.809993265561313e-17
12091.98046875 1.8098848611441024e-17
12092.1689453125 1.809777029300195e-17
12092.3583984375 1.8096686243779132e-17
12092.5458984375 1.8095615594000387e-17
12092.734375 1.8094537268046733e-17
12092.9228515625 1.8093458939587463e-17
12093.1123046875 1.8092374880291873e-17
12093.30078125 1.809129849221058e-17
12093.490234375 1.8090214427866484e-17
12093.6787109375 1.808913608936066e-17
12093.8681640625 1.8088052019965793e-17
12094.056640625 1.8086975621846884e-17
12094.24609375 1.8085891547403475e-17
12094.43359375 1.8084818927273933e-17
12094.623046875 1.808373484779293e-17
12094.8115234375 1.808265843964948e-17
12095.0009765625 1.80815743551199e-17
12095.1904296875 1.8080490268058295e-17
12095.37890625 1.8079413852380535e-17
12095.568359375 1.8078329760270324e-17
12095.7568359375 1.807725139414325e-17
12095.9462890625 1.8076167296982174e-17
12096.1328125 1.807510232834944e-17
12096.322265625 1.8074018226166155e-17
12096.5107421875 1.807293985001856e-17
12096.7001953125 1.807185574278437e-17
12096.888671875 1.80707793070572e-17
12097.078125 1.8069695194774342e-17
12097.2666015625 1.8068616808579856e-17
12097.4560546875 1.8067534636697777e-17
12097.64453125 1.8066454300026984e-17
12097.8330078125 1.8065377851758384e-17
12098.0224609375 1.8064293726856998e-17
12098.2109375 1.8063217273570507e-17
12098.400390625 1.8062133143620395e-17
12098.5888671875 1.8061052794385655e-17
12098.7783203125 1.805997060484971e-17
12098.966796875 1.8058892196055496e-17
12099.15625 1.8057810001475275e-17
12099.3447265625 1.805673158765863e-17
12099.533203125 1.8055653171336218e-17
12099.720703125 1.8054580481299612e-17
12099.91015625 1.805349827665494e-17
12100.0986328125 1.805241985281744e-17
12100.2880859375 1.8051337643128437e-17
12100.4765625 1.8050257268780858e-17
12100.666015625 1.8049173108555408e-17
12100.85546875 1.80480908912899e-17
12101.0439453125 1.8047012454886235e-17
12101.232421875 1.8045935961473338e-17
12101.4208984375 1.8044855574561482e-17
12101.6103515625 1.8043773347218152e-17
12101.798828125 1.804269490078033e-17
12101.98828125 1.8041612668392596e-17
12102.1767578125 1.8040534216932217e-17
12102.3662109375 1.8039450033990013e-17
12102.5546875 1.8038371577504815e-17
12102.744140625 1.8037287389511425e-17
12102.931640625 1.8036216602533652e-17
12103.12109375 1.8035132409504528e-17
12103.3095703125 1.8034053942985034e-17
12103.498046875 1.8032975473959684e-17
12103.6865234375 1.8031898947954195e-17
12103.8759765625 1.803081474483808e-17
12104.0654296875 1.8029732484719958e-17
12104.25390625 1.802865206011685e-17
12104.443359375 1.8027567849417237e-17
12104.630859375 1.802649703999038e-17
12104.8203125 1.802541282425496e-17
12105.0087890625 1.8024336280689056e-17
12105.1982421875 1.802325205990458e-17
12105.38671875 1.8022173565774538e-17
12105.576171875 1.8021089339938747e-17
12105.7646484375 1.8020012786334148e-17
12105.9541015625 1.801892855544927e-17
12106.142578125 1.801785005127153e-17
12106.3310546875 1.801677154458786e-17
12106.51953125 1.8015694980957637e-17
12106.708984375 1.801461073998551e-17
12106.8984375 1.8013526496481086e-17
12107.0859375 1.8012453709054823e-17
12107.275390625 1.801136946051222e-17
12107.4638671875 1.8010292884339457e-17
12107.6533203125 1.800920863074769e-17
12107.841796875 1.8008132049556592e-17
12108.0302734375 1.8007051574709376e-17
12108.21875 1.8005974988510826e-17
12108.408203125 1.8004890724831652e-17
12108.5966796875 1.800381413361474e-17
12108.7861328125 1.8002729864886343e-17
12108.974609375 1.8001651323062517e-17
12109.1640625 1.8000567049282642e-17
12109.3525390625 1.799948850243368e-17
12109.5419921875 1.7998406169197582e-17
12109.73046875 1.7997327617325714e-17
12109.9189453125 1.7996251008547593e-17
12110.1083984375 1.7995166722150047e-17
12110.296875 1.7994086217145e-17
12110.486328125 1.799300387130015e-17
12110.6748046875 1.7991925306874154e-17
12110.86328125 1.79908486855531e-17
12111.0517578125 1.7989768170504072e-17
12111.2412109375 1.798868581458052e-17
12111.4287109375 1.7987612969727536e-17
12111.6181640625 1.7986530608772327e-17
12111.806640625 1.7985450083679253e-17
12111.99609375 1.7984367717676923e-17
12112.1845703125 1.7983289133180764e-17
12112.3740234375 1.7982204816504626e-17
12112.5634765625 1.7981122442927223e-17
12112.751953125 1.798004385088881e-17
12112.94140625 1.797896147226649e-17
12113.318359375 1.7976804275637454e-17
12114.07421875 1.7972480338370462e-17
12115.583984375 1.7963843802760852e-17
12118.60546875 1.7946558789095627e-17
12124.6494140625 1.7911983045503185e-17
12133.865234375 1.7859253351421545e-17
12136.7333984375 1.784284286334849e-17
12160.9052734375 1.7703346782133946e-17
12209.248046875 1.7422723006685786e-17
12284.62890625 1.6973707285314607e-17
12360.0107421875 1.6488785229464755e-17
12435.392578125 1.5968370434910124e-17
12473.083984375 1.5691413179032483e-17
12510.7744140625 1.538660791409466e-17
12548.46484375 1.5060217180425156e-17
12586.15625 1.470535971035081e-17
12623.84765625 1.4308223047244028e-17
12642.6923828125 1.409691771394187e-17
12661.5380859375 1.387152662002904e-17
12680.3828125 1.3624041907598562e-17
12699.228515625 1.335791712863528e-17
12718.0751953125 1.3074705194194868e-17
12736.919921875 1.2755878121207108e-17
12755.765625 1.2402522584413934e-17
12774.6103515625 1.2012313554405485e-17
12793.4560546875 1.1597298032572894e-17
12806.5380859375 1.1304098695195043e-17
12809.419921875 1.1258726486937422e-17
12810.861328125 1.1240942581654533e-17
12812.3017578125 1.1238763620112326e-17
12813.7431640625 1.1249822921914116e-17
12815.1826171875 1.1290450893737141e-17
12816.625 1.137557587579693e-17
12817.3447265625 1.1444738215533366e-17
12817.7060546875 1.1479875502888726e-17
12818.06640625 1.1495518040347316e-17
12818.42578125 1.1477673995183153e-17
12818.7861328125 1.1439905213416987e-17
12819.146484375 1.139942138505635e-17
12819.505859375 1.1364121048065528e-17
12819.8671875 1.1334229072748491e-17
12820.2265625 1.1308633521361034e-17
12820.5869140625 1.1288103421247614e-17
12820.9482421875 1.1269443188943873e-17
12821.66796875 1.1242590464659031e-17
12823.109375 1.1213541129928859e-17
12824.5498046875 1.120569546318741e-17
12825.990234375 1.1205392904955947e-17
12828.873046875 1.1223748232001063e-17
12831.7548828125 1.1267813682703426e-17
12834.63671875 1.1311042960487393e-17
12840.4013671875 1.1408081286775417e-17
12851.927734375 1.159465496361265e-17
12874.984375 1.1929027317744948e-17
12898.0390625 1.2202951417202586e-17
12921.0947265625 1.2416592601743958e-17
12944.150390625 1.25811323369512e-17
12967.205078125 1.2712143090721781e-17
12990.2607421875 1.2807343513267797e-17
13013.31640625 1.2878852961763736e-17
13036.37109375 1.2928075194607831e-17
13059.4267578125 1.2969560796427758e-17
13082.4833984375 1.2984165277320898e-17
13105.537109375 1.2990777730133823e-17
13151.6494140625 1.297319426223228e-17
13197.7587890625 1.2921412066512881e-17
13243.8701171875 1.2839806161559563e-17
13271.611328125 1.2782265704656065e-17
13289.9814453125 1.2741032093761773e-17
13308.349609375 1.2699796460741975e-17
13345.0888671875 1.2602839810751347e-17
13418.56640625 1.2405838081009762e-17
13492.04296875 1.2192953190208015e-17
13565.51953125 1.1974742966316309e-17
13638.998046875 1.1768204308118223e-17
13712.474609375 1.157152906989887e-17
13785.9521484375 1.1349071384106737e-17
13859.4287109375 1.1132290358148979e-17
13932.9072265625 1.0920012639544755e-17
14006.3837890625 1.0712158051198066e-17
14079.8603515625 1.0510125144309255e-17
14153.3369140625 1.0312992952890998e-17
14226.8154296875 1.0119371454836278e-17
14268.513671875 1.001163361434553e-17
14300.2919921875 9.930594490968705e-18
14332.0712890625 9.850314256579279e-18
14333.6142578125 9.846399381987843e-18
14395.626953125 9.689693676111724e-18
14457.6396484375 9.535228115969862e-18
14519.6533203125 9.384123644909284e-18
14580.1220703125 9.239535003302524e-18
14581.2109375 9.236948889695682e-18
14581.6669921875 9.235869354124816e-18
14583.2099609375 9.23222133169925e-18
14585.2099609375 9.227439603738165e-18
14589.2080078125 9.218039315899723e-18
14597.2060546875 9.199146544468717e-18
14613.2021484375 9.161612153453826e-18
14645.193359375 9.087023373836424e-18
14709.17578125 8.940155576372181e-18
14773.158203125 8.79625869422754e-18
14837.140625 8.655260631351581e-18
14901.123046875 8.516999570548947e-18
14965.1064453125 8.381604314820462e-18
15029.087890625 8.248823186652642e-18
15093.0712890625 8.11867560658941e-18
15157.0537109375 7.99103637153382e-18
15221.0361328125 7.865924276456256e-18
15285.0185546875 7.743250578865216e-18
15349.0009765625 7.622944225412719e-18
15412.984375 7.504987913216091e-18
15471.572265625 7.398946257414326e-18
15476.9658203125 7.389310932189847e-18
15482.361328125 7.379620543627548e-18
15493.150390625 7.36038434246333e-18
15514.7275390625 7.322053144826433e-18
15557.8837890625 7.24622932356606e-18
15644.197265625 7.097412506101577e-18
15730.5087890625 6.952352684112759e-18
15816.8212890625 6.811035682047801e-18
15903.1337890625 6.6732450980281105e-18
15989.4462890625 6.539003075519188e-18
16075.7587890625 6.408092958876822e-18
16162.0712890625 6.28044574010821e-18
16248.3837890625 6.155935443132152e-18
16289.8798828125 6.09720395915088e-18
16334.6962890625 6.034565606562454e-18
16379.51171875 5.972638214444866e-18
16469.142578125 5.851571185652526e-18
16558.775390625 5.733287758032692e-18
16648.40625 5.617987037162619e-18
16738.037109375 5.505561749023189e-18
16827.669921875 5.395940701821176e-18
16917.30078125 5.289052089113347e-18
17006.93359375 5.184787960239697e-18
17096.564453125 5.0830952184840246e-18
17186.1953125 4.983884104109207e-18
17275.826171875 4.887082619884026e-18
17327.685546875 4.832146154513264e-18
17365.458984375 4.792619230003001e-18
17403.232421875 4.75348785516463e-18
17478.779296875 4.677106126128668e-18
17554.326171875 4.6022717147261286e-18
17629.873046875 4.528912406824173e-18
17705.421875 4.45702842070219e-18
17780.96875 4.3865658151668614e-18
17856.517578125 4.3174890559452885e-18
17894.2890625 4.2834727747454474e-18
17913.177734375 4.266581324812535e-18
17932.064453125 4.249779894117097e-18
17941.5078125 4.241415676768508e-18
17946.228515625 4.237232939937543e-18
17948.58984375 4.235151232018753e-18
17949.76953125 4.234100927396044e-18
17950.361328125 4.233575790245897e-18
17950.65625 4.233322150565624e-18
17950.951171875 4.233069007126182e-18
17951.099609375 4.232942195558689e-18
17951.24609375 4.232796994402524e-18
17951.39453125 4.190541709410556e-18
17951.541015625 4.190396991879142e-18
17951.689453125 4.190251794623871e-18
17951.8359375 4.190106580363128e-18
17951.982421875 4.189961862566769e-18
17952.130859375 4.189798292588679e-18
17952.27734375 4.18965357460998e-18
17952.42578125 4.189508376903665e-18
17952.57421875 4.189363675661167e-18
17952.720703125 4.1892184608636254e-18
17952.869140625 4.189073759443181e-18
17953.015625 4.18892854446856e-18
17953.1640625 4.188765470375271e-18
17953.310546875 4.188620255218008e-18
17953.458984375 4.1884750568818136e-18
17953.607421875 4.188330355010496e-18
17953.75390625 4.188185139587246e-18
17953.90234375 4.18804043753798e-18
17954.048828125 4.18789522193765e-18
17954.197265625 4.187750023155461e-18
17954.345703125 4.187586948299134e-18
17954.4921875 4.1874417324272534e-18
17954.640625 4.187297029927114e-18
17954.787109375 4.187151813878153e-18
17954.935546875 4.187007111200065e-18
17955.08203125 4.186861894974024e-18
17955.23046875 4.186716695561951e-18
17955.37890625 4.1865719926165735e-18
17955.5234375 4.1864083866389246e-18
17955.671875 4.186263683510546e-18
17955.8203125 4.186118483736334e-18
17955.966796875 4.18597376353013e-18
17956.115234375 4.185828563577667e-18
17956.26171875 4.18568334663759e-18
17956.41015625 4.185538643063971e-18
17956.55859375 4.185393442843762e-18
17956.705078125 4.185230349565873e-18
17956.853515625 4.185085149161774e-18
17957.0 4.184940428330916e-18
17957.1484375 4.184795227748566e-18
17957.296875 4.18465002707672e-18
17957.443359375 4.184505305980327e-18
17957.591796875 4.184360105130229e-18
17957.73828125 4.184215383857056e-18
17957.88671875 4.184051810154459e-18
17958.033203125 4.183907088698945e-18
17958.181640625 4.183761887486705e-18
17958.328125 4.183617165854411e-18
17958.4765625 4.1834719644639185e-18
17958.623046875 4.183326746095326e-18
17958.771484375 4.1831820410861005e-18
17958.919921875 4.1830184667143764e-18
17959.06640625 4.1828737446342024e-18
17959.212890625 4.182728525905881e-18
17959.361328125 4.1825838205351175e-18
17959.5078125 4.182438601629714e-18
17959.65625 4.1822933995204205e-18
17959.8046875 4.182148693882363e-18
17959.951171875 4.182003474710967e-18
17960.099609375 4.181840396136674e-18
17960.24609375 4.181695176782632e-18
17960.39453125 4.181550470783035e-18
17960.54296875 4.181405268132758e-18
17960.689453125 4.181260048512722e-18
17960.837890625 4.181115342245831e-18
17960.984375 4.180951749656827e-18
17961.1328125 4.180807043206347e-18
17961.279296875 4.180661823226581e-18
17961.427734375 4.180517116598149e-18
17961.57421875 4.1803718964413e-18
17961.72265625 4.180226693072216e-18
17961.869140625 4.180081969300983e-18
17962.017578125 4.1799367657536445e-18
17962.1640625 4.179773668968944e-18
17962.3125 4.179628465237714e-18
17962.4609375 4.179483757980446e-18
17962.607421875 4.1793385371978696e-18
17962.75390625 4.1791933163269695e-18
17962.90234375 4.179048608802989e-18
17963.05078125 4.178903404625751e-18
17963.197265625 4.1787586800530696e-18
17963.345703125 4.178613475697578e-18
17963.4921875 4.178468750948114e-18
17963.640625 4.178323546414366e-18
17963.787109375 4.178178324923301e-18
17963.935546875 4.178033616776117e-18
17964.08203125 4.177870022198442e-18
17964.23046875 4.177725313867668e-18
17964.37890625 4.177580108882274e-18
17964.525390625 4.1774353835081415e-18
17964.673828125 4.177290178344492e-18
17964.8203125 4.1771449562276956e-18
17964.96875 4.177000247451669e-18
17965.115234375 4.176855025157788e-18
17965.263671875 4.176710316203808e-18
17965.41015625 4.176565093732841e-18
17965.55859375 4.17641988803427e-18
17965.705078125 4.176275161952853e-18
17965.853515625 4.176129956076026e-18
17966.001953125 4.175985246676793e-18
17966.1484375 4.175840023762742e-18
17966.296875 4.1756948176181584e-18
17966.443359375 4.1755500910944165e-18
17966.591796875 4.175404884771577e-18
17966.73828125 4.175260158071051e-18
17966.88671875 4.175096578553916e-18
17967.033203125 4.174969728124491e-18
17967.181640625 4.174806644986051e-18
17967.328125 4.174661421357939e-18
17967.4765625 4.174516711063143e-18
17967.623046875 4.174371487257944e-18
17967.771484375 4.1742267767851944e-18
17967.919921875 4.174081569654189e-18
17968.06640625 4.1739368421522025e-18
17968.21484375 4.1737916348429385e-18
17968.361328125 4.173646410594653e-18
17968.509765625 4.173501699676646e-18
17968.65625 4.173356475251272e-18
17968.8046875 4.1732117641553096e-18
17968.951171875 4.173066539552847e-18
17969.099609375 4.1729213317086576e-18
17969.248046875 4.172776620345393e-18
17969.39453125 4.1726313954769305e-18
17969.54296875 4.17248668393571e-18
17969.689453125 4.172341458890159e-18
17969.837890625 4.1721962505999525e-18
17969.986328125 4.172033165657677e-18
17970.1328125 4.171887940340562e-18
17970.279296875 4.1717432115066046e-18
17970.427734375 4.171598002854242e-18
17970.57421875 4.171453273843497e-18
17970.72265625 4.171308065012876e-18
17970.869140625 4.1711628392532565e-18
17971.017578125 4.171018126816463e-18
17971.1640625 4.170872900879756e-18
17971.3125 4.170728188265006e-18
17971.4609375 4.170582978988366e-18
17971.607421875 4.170437752785655e-18
17971.755859375 4.170293039903601e-18
17971.90234375 4.170147813523801e-18
17972.05078125 4.17000310046379e-18
17972.197265625 4.1698578739069e-18
17972.345703125 4.1697131606689315e-18
17972.494140625 4.169567950768011e-18
17972.640625 4.169422723945118e-18
17972.7890625 4.169259637199651e-18
17972.935546875 4.169114410194106e-18
17973.083984375 4.1689696965052355e-18
17973.232421875 4.168824486152658e-18
17973.37890625 4.168679755455773e-18
17973.52734375 4.168534544924933e-18
17973.673828125 4.1683893174762925e-18
17973.8203125 4.168244586514443e-18
17973.96875 4.1680993757164285e-18
17974.115234375 4.16795464457779e-18
17974.263671875 4.1678094336015155e-18
17974.41015625 4.167664205710365e-18
17974.55859375 4.167519491131552e-18
17974.70703125 4.167374279887514e-18
17974.853515625 4.1672295483065384e-18
17975.001953125 4.16708433688424e-18
17975.1484375 4.166939108549993e-18
17975.296875 4.166794393525914e-18
17975.4453125 4.166649181835852e-18
17975.591796875 4.166486076465903e-18
17975.740234375 4.166359237944213e-18
17975.88671875 4.166196132386274e-18
17976.03515625 4.166050920334051e-18
17976.18359375 4.16590620476987e-18
17976.330078125 4.165760975721108e-18
17976.478515625 4.165615763401122e-18
17976.625 4.165470782464116e-18
17976.7734375 4.1653258182548654e-18
17976.919921875 4.165180837140917e-18
17977.068359375 4.165035872753556e-18
17977.216796875 4.164890908276845e-18
17977.36328125 4.164745926897193e-18
17977.509765625 4.1646006971399116e-18
17977.65625 4.164455715583829e-18
17977.8046875 4.164310750751403e-18
17977.953125 4.1641657858296285e-18
17978.099609375 4.164020804007841e-18
17978.248046875 4.1638755906181226e-18
17978.39453125 4.163712483456149e-18
17978.54296875 4.16356726988253e-18
17978.69140625 4.163422304509468e-18
17978.837890625 4.163277322239396e-18
17978.986328125 4.163132356688221e-18
17979.1328125 4.162987374241206e-18
17979.28125 4.162842408511919e-18
17979.4296875 4.162697194402845e-18
17979.576171875 4.162552211690048e-18
17979.724609375 4.162407245693223e-18
17979.87109375 4.162262262803484e-18
17980.01953125 4.162117296628546e-18
17980.16796875 4.161972082073442e-18
17980.314453125 4.16182709891792e-18
17980.462890625 4.1616821324754436e-18
17980.609375 4.161537149142979e-18
17980.7578125 4.1613921825223885e-18
17980.904296875 4.161246950721786e-18
17981.052734375 4.1610838586602456e-18
17981.19921875 4.1609386266769856e-18
17981.345703125 4.160793642896818e-18
17981.494140625 4.160648675825521e-18
17981.640625 4.160503691868409e-18
17981.7890625 4.1603587246189985e-18
17981.9375 4.160213757280239e-18
17982.083984375 4.1600685247656186e-18
17982.232421875 4.159923557248667e-18
17982.37890625 4.1597785728488276e-18
17982.52734375 4.159633605153763e-18
17982.67578125 4.159488637369347e-18
17982.822265625 4.1593434044116205e-18
17982.970703125 4.159198436449014e-18
17983.1171875 4.1590534516064465e-18
17983.265625 4.1588901098276524e-18
17983.412109375 4.158763498446212e-18
17983.560546875 4.158600156478103e-18
17983.70703125 4.1584551712760826e-18
17983.85546875 4.158310202773493e-18
17984.00390625 4.158164985888768e-18
17984.150390625 4.158020000420963e-18
17984.298828125 4.157875031650831e-18
17984.4453125 4.1577300460060805e-18
17984.59375 4.1575850770578335e-18
17984.740234375 4.157439842942975e-18
17984.888671875 4.1572948738165355e-18
17985.03515625 4.15714988781782e-18
17985.18359375 4.157004918513264e-18
17985.330078125 4.156859932337602e-18
17985.478515625 4.156696589132816e-18
17985.626953125 4.15656974498929e-18
17985.7734375 4.156406384814526e-18
17985.921875 4.1562614150586736e-18
17986.068359375 4.156116428434717e-18
17986.216796875 4.1559714585007465e-18
17986.36328125 4.155826471699843e-18
17986.51171875 4.155681501587758e-18
17986.658203125 4.15553626631576e-18
17986.806640625 4.1553912960254804e-18
17986.953125 4.1552463088706095e-18
17987.1015625 4.155101338402213e-18
17987.248046875 4.1549563510703945e-18
17987.396484375 4.154811132129354e-18
17987.544921875 4.1546661613934135e-18
17987.69140625 4.1545027999896506e-18
17987.83984375 4.154357829069954e-18
17987.986328125 4.1542128412898376e-18
17988.134765625 4.154067870192024e-18
17988.28125 4.153922882234961e-18
17988.4296875 4.153777910959028e-18
17988.576171875 4.153632674529885e-18
17988.724609375 4.15348770307576e-18
17988.87109375 4.153342714764725e-18
17989.01953125 4.1531977431324816e-18
17989.16796875 4.1530527714108854e-18
17989.314453125 4.152907534538627e-18
17989.462890625 4.152762562638837e-18
17989.609375 4.152617573885065e-18
17989.7578125 4.152454227922519e-18
17989.904296875 4.152327612876436e-18
17990.052734375 4.15216426672457e-18
17990.19921875 4.1520192776113406e-18
17990.34765625 4.151874305171556e-18
17990.494140625 4.15172906758526e-18
17990.642578125 4.151584094967281e-18
17990.7890625 4.1514391055000784e-18
17990.9375 4.15129413270398e-18
17991.0859375 4.151149159818528e-18
17991.232421875 4.1510039217891144e-18
17991.380859375 4.150858948725467e-18
17991.52734375 4.150713958815524e-18
17991.67578125 4.150550611616277e-18
17991.822265625 4.150423995486866e-18
17991.970703125 4.150260648098299e-18
17992.1171875 4.150115657828894e-18
17992.265625 4.149970435928224e-18
17992.412109375 4.149825445481795e-18
17992.560546875 4.1496804716999546e-18
17992.70703125 4.149535481076576e-18
17992.85546875 4.149390507116615e-18
17993.00390625 4.149245533067302e-18
17993.150390625 4.149100293880727e-18
17993.298828125 4.148955319653216e-18
17993.4453125 4.148810328587094e-18
17993.59375 4.148665354181464e-18
17993.740234375 4.148501988902506e-18
17993.888671875 4.148375140056781e-18
17994.03515625 4.148212022887531e-18
17994.18359375 4.14806679982201e-18
17994.33203125 4.147921824965071e-18
17994.478515625 4.1477768332736915e-18
17994.626953125 4.14763185823863e-18
17994.7734375 4.1474868663703006e-18
17994.921875 4.1473418911571175e-18
17995.0703125 4.147196667556117e-18
17995.216796875 4.147051675421992e-18
17995.365234375 4.146906699941258e-18
17995.51171875 4.146761707630183e-18
17995.66015625 4.146598357862524e-18
17995.806640625 4.146453365368934e-18
17995.953125 4.146308372787161e-18
17996.1015625 4.1461631485567826e-18
17996.248046875 4.1460181557979825e-18
17996.396484375 4.1458731796884e-18
17996.544921875 4.1457282034894635e-18
17996.69140625 4.145583210464944e-18
17996.83984375 4.145438234087885e-18
17996.986328125 4.145292992586965e-18
17997.134765625 4.145148016031707e-18
17997.28125 4.145003022653206e-18
17997.4296875 4.144839671743818e-18
17997.578125 4.144713069097092e-18
17997.724609375 4.1445497012656614e-18
17997.873046875 4.1444047242591656e-18
17998.01953125 4.144259482132451e-18
17998.16796875 4.144114504947756e-18
17998.31640625 4.143969527673706e-18
17998.462890625 4.143824533581172e-18
17998.611328125 4.143679556128999e-18
17998.7578125 4.143534313559155e-18
17998.90625 4.1433893359287835e-18
17999.0546875 4.1432259839713295e-18
17999.201171875 4.1430809894304826e-18
17999.349609375 4.142936011526993e-18
17999.494140625 4.1427910000842346e-18
17999.642578125 4.142646022003207e-18
17999.791015625 4.142501043832825e-18
17999.9375 4.1423558005489234e-18
18000.0859375 4.14221082220034e-18
18000.232421875 4.142065827040372e-18
18000.380859375 4.141920848513666e-18
18000.52734375 4.141775853176743e-18
18000.67578125 4.14163062617057e-18
18000.82421875 4.141467521372792e-18
18000.970703125 4.1413406517735856e-18
18001.119140625 4.141177298485064e-18
18001.265625 4.1410323026998264e-18
18001.4140625 4.1408873235436746e-18
18001.5625 4.14074234429817e-18
18001.708984375 4.140597348247206e-18
18001.857421875 4.140452120521627e-18
18002.00390625 4.140307124293634e-18
18002.15234375 4.140162144691801e-18
18002.30078125 4.140017165000612e-18
18002.447265625 4.139853794140319e-18
18002.595703125 4.139708814265367e-18
18002.7421875 4.1395638175891304e-18
18002.890625 4.139418589233574e-18
18003.037109375 4.1392735923803065e-18
18003.18359375 4.139128595438855e-18
18003.33203125 4.138983615118804e-18
18003.478515625 4.138838618000395e-18
18003.626953125 4.138693389199362e-18
18003.775390625 4.138548408611754e-18
18003.921875 4.138385036804963e-18
18004.0703125 4.1382584304618095e-18
18004.216796875 4.138095058466862e-18
18004.365234375 4.137950077517362e-18
18004.513671875 4.137805096478506e-18
18004.66015625 4.13766009864605e-18
18004.80859375 4.137514869125605e-18
18004.955078125 4.137369871116118e-18
18005.103515625 4.137224889720932e-18
18005.25 4.137079891534487e-18
18005.3984375 4.136934909961174e-18
18005.546875 4.136789679994663e-18
18005.693359375 4.136626555356471e-18
18005.841796875 4.136481325206043e-18
18005.98828125 4.136336326571275e-18
18006.13671875 4.136191344546636e-18
18006.283203125 4.136046345734912e-18
18006.431640625 4.135901363532145e-18
18006.578125 4.135756364543464e-18
18006.724609375 4.13561111716215e-18
18006.873046875 4.135466134692408e-18
18007.021484375 4.135302777593004e-18
18007.16796875 4.135157778244768e-18
18007.31640625 4.135012795501903e-18
18007.462890625 4.1348677959767104e-18
18007.611328125 4.134722813055715e-18
18007.90625 4.13443258194939e-18
18008.49609375 4.133834240684969e-18
18009.677734375 4.13267382311508e-18
18012.037109375 4.130316684698898e-18
18016.759765625 4.125602371910065e-18
18026.203125 4.116173204096936e-18
18045.08984375 4.097240503797262e-18
18082.86328125 4.059096726613234e-18
18158.41015625 3.981455426710418e-18
18233.95703125 3.900112648497352e-18
18309.505859375 3.81285190739537e-18
18343.154296875 3.7714119514316954e-18
18385.052734375 3.716669535332436e-18
18426.953125 3.657195490731569e-18
18468.8515625 3.59170732698372e-18
18510.751953125 3.519379524789434e-18
18552.65234375 3.4361643274595107e-18
18594.552734375 3.3407589451782585e-18
18605.59375 3.312367870799264e-18
18636.451171875 3.2286192600404473e-18
18641.97265625 3.2119928788196535e-18
18660.162109375 3.156604256773278e-18
18678.3515625 3.097781346713644e-18
18696.5390625 3.0337637426587225e-18
18705.634765625 3.0001281306532737e-18
18714.73046875 2.9622730959218157e-18
18723.82421875 2.9185986768021927e-18
18728.37109375 2.8938941245231067e-18
18732.919921875 2.8639880304622344e-18
18737.466796875 2.8281259789241816e-18
18739.740234375 2.8078329772962575e-18
18742.013671875 2.782793935339271e-18
18744.287109375 2.7515686612324697e-18
18745.423828125 2.7340409239556155e-18
18746.560546875 2.711597358666201e-18
18747.697265625 2.6832601011373927e-18
18748.265625 2.6665973572375884e-18
18748.8359375 2.644947443356138e-18
18749.40234375 2.617474725203796e-18
18749.970703125 2.5817423381367936e-18
18750.255859375 2.5619583734671104e-18
18750.5390625 2.543253923310156e-18
18750.82421875 2.5290325356333036e-18
18751.05859375 2.5241781516981993e-18
18751.107421875 2.523422647295665e-18
18751.158203125 2.5241525592936026e-18
18751.2578125 2.5255842719365696e-18
18751.45703125 2.5315396241188028e-18
18751.658203125 2.5415349129961103e-18
18751.857421875 2.5541364415124766e-18
18752.2578125 2.5815120730788505e-18
18753.05859375 2.628826712302797e-18
18753.857421875 2.6604554887357226e-18
18754.65625 2.6838918205037957e-18
18755.45703125 2.7032907742110787e-18
18756.2578125 2.7188460481423853e-18
18757.85546875 2.743991394961838e-18
18759.455078125 2.764688830285815e-18
18761.0546875 2.7824948616569594e-18
18764.255859375 2.8104808524777774e-18
18767.453125 2.8324865685647275e-18
18770.65234375 2.8518753013740946e-18
18777.05078125 2.882645143059117e-18
18783.44921875 2.907727950977945e-18
18789.84765625 2.92880376198471e-18
18796.24609375 2.9476676058366808e-18
18809.04296875 2.9786916387798953e-18
18821.83984375 3.007695191684338e-18
18847.431640625 3.0574142621623785e-18
18873.025390625 3.099316421163251e-18
18898.6171875 3.1337757856495912e-18
18924.2109375 3.161470357115627e-18
18949.8046875 3.1826100221380166e-18
18975.396484375 3.198266313144114e-18
19026.58203125 3.2166671667186313e-18
19077.76953125 3.2231584671990158e-18
19128.955078125 3.2189409921030924e-18
19180.140625 3.2093989828686827e-18
19231.326171875 3.1949254415510535e-18
19282.513671875 3.176387100490676e-18
19333.69921875 3.1552566870706905e-18
19384.884765625 3.1325248405492638e-18
19421.46875 3.115295857225208e-18
19436.0703125 3.1082659394677298e-18
19450.673828125 3.1012345185919303e-18
19479.876953125 3.0868302320809004e-18
19509.080078125 3.072260758999492e-18
19523.68359375 3.06486393434485e-18
19530.984375 3.0611505967922422e-18
19538.28515625 3.05743768704715e-18
19541.935546875 3.055592909743861e-18
19545.5859375 3.0537463718531526e-18
19547.412109375 3.0528197384234843e-18
19548.32421875 3.052364384898557e-18
19549.236328125 3.0518975753072077e-18
19549.693359375 3.051670025952407e-18
19550.1484375 3.0514442117914633e-18
19550.37890625 3.051319114071943e-18
19550.60546875 3.051199728405361e-18
19550.720703125 3.0511424089436145e-18
19550.833984375 3.058532833096814e-18
19550.947265625 3.0753118899215666e-18
19551.0625 3.0752548230413926e-18
19551.17578125 3.0751875384864766e-18
19551.2890625 3.075117514667724e-18
19551.404296875 3.07504575542182e-18
19551.51953125 3.074974245176775e-18
19551.6328125 3.0749181665444824e-18
19551.74609375 3.0748523760245497e-18
19551.859375 3.074781106993082e-18
19551.974609375 3.074709347644023e-18
19552.087890625 3.0746390746602975e-18
19552.201171875 3.0745805057127228e-18
19552.31640625 3.074516466000151e-18
19552.431640625 3.074444706569161e-18
19552.544921875 3.074374184482459e-18
19552.658203125 3.074303911397707e-18
19552.7734375 3.074241614764656e-18
19552.88671875 3.0741800574343347e-18
19553.001953125 3.07410829790019e-18
19553.115234375 3.074038771803208e-18
19553.228515625 3.073968747640208e-18
19553.34375 3.0738969880427994e-18
19553.45703125 3.0738297030900638e-18
19553.572265625 3.0737723867803256e-18
19553.685546875 3.0737026115597975e-18
19553.80078125 3.073630851880236e-18
19553.9140625 3.0735608275952817e-18
19554.02734375 3.073492297428218e-18
19554.142578125 3.073434981025805e-18
19554.255859375 3.0733674469125876e-18
19554.369140625 3.073297422547756e-18
19554.484375 3.0732261607906945e-18
19554.599609375 3.0731536538961006e-18
19554.712890625 3.0730973257497834e-18
19554.826171875 3.0730322817704687e-18
19554.94140625 3.072960521884966e-18
19555.0546875 3.0728902483749248e-18
19555.169921875 3.0728184884470136e-18
19555.283203125 3.072759669975186e-18
19555.396484375 3.072696618086416e-18
19555.51171875 3.0726241110272254e-18
19555.625 3.0725535883923907e-18
19555.73828125 3.072483314760496e-18
19555.853515625 3.0724212666310406e-18
19555.966796875 3.0723604558593296e-18
19556.080078125 3.0722901821680197e-18
19556.1953125 3.0722184220553513e-18
19556.30859375 3.072147899298627e-18
19556.423828125 3.0720833608348987e-18
19556.537109375 3.0720242931358665e-18
19556.65234375 3.0719525329410826e-18
19556.765625 3.071883006199449e-18
19556.880859375 3.0718117440103422e-18
19556.994140625 3.0717462016118866e-18
19557.107421875 3.071689126012266e-18
19557.22265625 3.071617365714511e-18
19557.3359375 3.0715468427758646e-18
19557.44921875 3.071476817864878e-18
19557.564453125 3.0714085438426144e-18
19557.6796875 3.0713512268667368e-18
19557.79296875 3.0712819489687455e-18
19557.90625 3.0712116749531695e-18
19558.021484375 3.071140412558706e-18
19558.134765625 3.0710711345991544e-18
19558.248046875 3.0710143078406386e-18
19558.36328125 3.0709462827032362e-18
19558.4765625 3.0708765066355608e-18
19558.591796875 3.070804746089417e-18
19558.705078125 3.0707342229066292e-18
19558.8203125 3.0706756606224173e-18
19558.93359375 3.0706111139913735e-18
19559.046875 3.070541088798354e-18
19559.16015625 3.0704695694364785e-18
19559.275390625 3.0703980577908953e-18
19559.388671875 3.0703382425521924e-18
19559.50390625 3.070274699660442e-18
19559.6171875 3.0702049233912638e-18
19559.732421875 3.0701331626389918e-18
19559.845703125 3.0700628882785406e-18
19559.9609375 3.069999843358069e-18
19560.07421875 3.0699390319078046e-18
19560.1875 3.0698682594376913e-18
19560.302734375 3.0697967476073137e-18
19560.416015625 3.0697269711959002e-18
19560.529296875 3.069663420393025e-18
19560.64453125 3.0696038617099125e-18
19560.759765625 3.0695321007725532e-18
19560.873046875 3.0694615772052387e-18
19560.986328125 3.069391053617244e-18
19561.1015625 3.069324273123275e-18
19561.21484375 3.0692684419917234e-18
19561.328125 3.0691979183442015e-18
19561.443359375 3.0691264063082466e-18
19561.556640625 3.069062108256293e-18
19561.671875 3.069002549404229e-18
19561.78515625 3.0689320256759954e-18
19561.900390625 3.0688605135580706e-18
19562.013671875 3.0687904878394262e-18
19562.12890625 3.0687194737305877e-18
19562.2421875 3.06864919894484e-18
19562.35546875 3.0685928695803035e-18
19562.470703125 3.0685253417715378e-18
19562.583984375 3.068454568874588e-18
19562.697265625 3.0683865352413077e-18
19562.8125 3.068329217433522e-18
19562.92578125 3.0682604366839392e-18
19563.0390625 3.068190161758387e-18
19563.154296875 3.0681184003877287e-18
19563.267578125 3.0680491215247244e-18
19563.3828125 3.067977360111805e-18
19563.49609375 3.0679172951738183e-18
19563.609375 3.0678547399567116e-18
19563.724609375 3.0677829784830448e-18
19563.83984375 3.067711216987971e-18
19563.953125 3.067653891264263e-18
19564.06640625 3.067590090840025e-18
19564.181640625 3.067518329284426e-18
19564.294921875 3.067447805109444e-18
19564.408203125 3.0673775299401877e-18
19564.5234375 3.067315978405314e-18
19564.63671875 3.0672536720432886e-18
19564.751953125 3.0671821594110497e-18
19564.865234375 3.0671123822143694e-18
19564.98046875 3.067040869539905e-18
19565.09375 3.066978563100666e-18
19565.20703125 3.0669184978831153e-18
19565.322265625 3.066846736121386e-18
19565.435546875 3.0667762117437992e-18
19565.55078125 3.066704449939623e-18
19565.6640625 3.066640649244179e-18
19565.77734375 3.0665833232280204e-18
19565.892578125 3.0665115613633185e-18
19566.0078125 3.0664397994772103e-18
19566.12109375 3.0663774928669397e-18
19566.234375 3.0663174274813277e-18
19566.34765625 3.066246653915827e-18
19566.462890625 3.066175140974997e-18
19566.576171875 3.0661046163948033e-18
19566.689453125 3.0660340917939296e-18
19566.8046875 3.065964571007169e-18
19566.91796875 3.065908987997662e-18
19567.033203125 3.0658399652261685e-18
19567.146484375 3.0657694405447636e-18
19567.26171875 3.0657016628686537e-18
19567.375 3.0656453327056024e-18
19567.48828125 3.065575056991848e-18
19567.603515625 3.0655040419001193e-18
19567.716796875 3.0654340151723315e-18
19567.830078125 3.065364984534031e-18
19567.9453125 3.065307914921946e-18
19568.060546875 3.0652388919689933e-18
19568.173828125 3.0651681180780468e-18
19568.287109375 3.065097842221651e-18
19568.40234375 3.0650260799022407e-18
19568.515625 3.0649702476123416e-18
19568.630859375 3.0649034658079288e-18
19568.744140625 3.064832940843348e-18
19568.857421875 3.0647626648859244e-18
19568.97265625 3.0646909024635403e-18
19569.087890625 3.0646310933594234e-18
19569.201171875 3.064567043039787e-18
19569.314453125 3.0644967670017954e-18
19569.4296875 3.064426249637393e-18
19569.54296875 3.064369421073e-18
19569.65625 3.0643036274806008e-18
19569.771484375 3.0642318649155356e-18
19569.884765625 3.0641613397483495e-18
19569.998046875 3.0640910635886846e-18
19570.11328125 3.0640193009601682e-18
19570.2265625 3.063956495607163e-18
19570.341796875 3.0638956901831085e-18
19570.455078125 3.0638261610279605e-18
19570.568359375 3.0637558847672655e-18
19570.68359375 3.0636935851158335e-18
19570.796875 3.063632024810974e-18
19570.91015625 3.0635612504337256e-18
19571.025390625 3.0634897366699828e-18
19571.140625 3.0634179738563387e-18
19571.25390625 3.063355417360209e-18
19571.3671875 3.063296845304002e-18
19571.482421875 3.0632250824298314e-18
19571.595703125 3.063154556958824e-18
19571.7109375 3.06309250616356e-18
19571.82421875 3.0630252180265082e-18
19571.9375 3.06294323716902e-18
19572.052734375 3.062885917863159e-18
19572.166015625 3.062818878694941e-18
19572.28125 3.0627476137331464e-18
19572.39453125 3.0626805745248173e-18
19572.509765625 3.062623255145836e-18
19572.623046875 3.06255347657993e-18
19572.736328125 3.0624827018772326e-18
19572.8515625 3.062416666424184e-18
19572.96484375 3.0623593392548916e-18
19573.078125 3.0622895606091794e-18
19573.193359375 3.062218295484285e-18
19573.30859375 3.0621465322796e-18
19573.421875 3.0620792438646622e-18
19573.53515625 3.0620239088382502e-18
19573.650390625 3.0619523946021927e-18
19573.763671875 3.0618816197172383e-18
19573.876953125 3.061816323459399e-18
19573.990234375 3.0617582490374716e-18
19574.10546875 3.0616732871254705e-18
19574.21875 3.0616107301333317e-18
19574.333984375 3.061546437630636e-18
19574.447265625 3.0614761606827947e-18
19574.5625 3.0614043972509348e-18
19574.67578125 3.0613470698061546e-18
19574.7890625 3.0612817733928186e-18
19574.904296875 3.0612102589299886e-18
19575.017578125 3.061141476059862e-18
19575.1328125 3.0610841562565246e-18
19575.24609375 3.0610171165567744e-18
19575.361328125 3.0609453529822327e-18
19575.474609375 3.060874826822831e-18
19575.58984375 3.0608030632058414e-18
19575.703125 3.0607459846266268e-18
19575.81640625 3.060681186098438e-18
19575.931640625 3.060609920481028e-18
19576.044921875 3.0605403903409566e-18
19576.158203125 3.060484058780119e-18
19576.2734375 3.060415781464396e-18
19576.388671875 3.0603440177047234e-18
19576.501953125 3.0602739894239408e-18
19576.615234375 3.0602044591832793e-18
19576.73046875 3.0601326953603408e-18
19576.84375 3.0600708850208532e-18
19576.95703125 3.0600103198154245e-18
19577.072265625 3.0599385559317726e-18
19577.185546875 3.0598680294685474e-18
19577.30078125 3.0598072228865907e-18
19577.4140625 3.0597441673007973e-18
19577.52734375 3.059673640777862e-18
19577.642578125 3.059602125821672e-18
19577.755859375 3.0595323463491358e-18
19577.869140625 3.059471033901e-18
19577.984375 3.0594089820521455e-18
19578.09765625 3.0593384554279957e-18
19578.212890625 3.0592669403690145e-18
19578.326171875 3.0592071220309395e-18
19578.44140625 3.0591430778586677e-18
19578.5546875 3.0590725511538026e-18
19578.669921875 3.0590020321368038e-18
19578.783203125 3.0589317544214235e-18
19578.896484375 3.0588696947104606e-18
19579.01171875 3.0588078917204466e-18
19579.125 3.0587371158832327e-18
19579.23828125 3.0586668380876074e-18
19579.353515625 3.058605782133602e-18
19579.466796875 3.0585434732977577e-18
19579.58203125 3.0584727050872915e-18
19579.6953125 3.05840192914868e-18
19579.810546875 3.0583304138021048e-18
19579.923828125 3.058259886853089e-18
19580.037109375 3.058193842449093e-18
19580.15234375 3.058136023770412e-18
19580.265625 3.0580664928876907e-18
19580.380859375 3.057995226469824e-18
19580.494140625 3.057931174240537e-18
19580.609375 3.0578713632355467e-18
19580.72265625 3.0578008361462868e-18
19580.837890625 3.0577293206149466e-18
19580.951171875 3.057658793484001e-18
19581.064453125 3.0575927489040175e-18
19581.177734375 3.057536167512848e-18
19581.29296875 3.0574644028680688e-18
19581.40625 3.057394871784202e-18
19581.51953125 3.0573308193818372e-18
19581.634765625 3.0572715062717396e-18
19581.748046875 3.0572009790009095e-18
19581.86328125 3.057129214253155e-18
19581.9765625 3.0570589359726532e-18
19582.091796875 3.0569914047279838e-18
19582.205078125 3.056935072205458e-18
19582.318359375 3.0568652919297127e-18
19582.43359375 3.0567940251433036e-18
19582.546875 3.0567294745031596e-18
19582.662109375 3.0566701612244337e-18
19582.775390625 3.0565998828039442e-18
19582.890625 3.056528117871093e-18
19583.00390625 3.0564580884413723e-18
19583.1171875 3.056392292542213e-18
19583.232421875 3.056334971429014e-18
19583.345703125 3.0562646929074923e-18
19583.4609375 3.056192927871666e-18
19583.57421875 3.0561283770575115e-18
19583.689453125 3.0560690636101954e-18
19583.802734375 3.0559985359754663e-18
19583.91796875 3.0559277669881816e-18
19584.03125 3.0558574883445882e-18
19584.14453125 3.0557911942043466e-18
19584.259765625 3.055733872925197e-18
19584.373046875 3.0556633451892532e-18
19584.486328125 3.0555928174326285e-18
19584.6015625 3.055521301223521e-18
19584.71484375 3.055452765688657e-18
19584.828125 3.055396183716121e-18
19584.943359375 3.055326908743079e-18
19585.056640625 3.0552568789511376e-18
19585.171875 3.0551861097383597e-18
19585.28515625 3.055115332805718e-18
19585.3984375 3.0550589997750518e-18
19585.513671875 3.054991467932882e-18
19585.626953125 3.054921189006832e-18
19585.7421875 3.0548514158247793e-18
19585.85546875 3.0547950827220586e-18
19585.970703125 3.054726554667223e-18
19586.083984375 3.054656275660749e-18
19586.197265625 3.054585996633666e-18
19586.3125 3.05451423108255e-18
19586.42578125 3.0544578978887666e-18
19586.5390625 3.0543918523712884e-18
19586.654296875 3.054320335793013e-18
19586.767578125 3.0542520489335114e-18
19586.8828125 3.054194976263623e-18
19586.99609375 3.0541269383991975e-18
19587.111328125 3.0540551727053956e-18
19587.224609375 3.053984644462973e-18
19587.33984375 3.0539128787267223e-18
19587.453125 3.0538565453697854e-18
19587.56640625 3.053790997743975e-18
19587.681640625 3.053719979048737e-18
19587.794921875 3.0536509449086216e-18
19587.91015625 3.0535938720731105e-18
19588.0234375 3.053525834030054e-18
19588.138671875 3.0534540681511547e-18
19588.251953125 3.053383539726799e-18
19588.365234375 3.053313260315866e-18
19588.478515625 3.053256179693752e-18
19588.59375 3.053189394415901e-18
19588.70703125 3.053119114945403e-18
19588.8203125 3.053050827728295e-18
19588.935546875 3.052993505693167e-18
19589.05078125 3.0529244790276965e-18
19589.1640625 3.052854199476774e-18
19589.27734375 3.052783421836449e-18
19589.392578125 3.052711904764765e-18
19589.505859375 3.052655820116388e-18
19589.619140625 3.0525905211748057e-18
19589.734375 3.0525190040427035e-18
19589.84765625 3.052449720508459e-18
19589.962890625 3.0523923983073778e-18
19590.076171875 3.0523243599073377e-18
19590.19140625 3.0522528426932235e-18
19590.3046875 3.0521825629400526e-18
19590.419921875 3.0521117927879297e-18
19590.533203125 3.052054711837709e-18
19590.646484375 3.051989163686289e-18
19590.76171875 3.0519176463693806e-18
19590.875 3.0518483626548163e-18
19590.990234375 3.051791040287745e-18
19591.103515625 3.0517232507440198e-18
19591.21875 3.051652231415179e-18
19591.33203125 3.0515824495505914e-18
19591.4453125 3.0515119205602595e-18
19591.560546875 3.051453601960132e-18
19591.673828125 3.051388053633379e-18
19591.787109375 3.051317524583336e-18
19591.90234375 3.0512472522368556e-18
19592.015625 3.051190918156077e-18
19592.130859375 3.0511221399818026e-18
19592.244140625 3.0510516108510422e-18
19592.357421875 3.0509845681950108e-18
19592.47265625 3.050927992695278e-18
19592.5859375 3.050858459646682e-18
19592.69921875 3.0507881794712062e-18
19592.814453125 3.0507164127495918e-18
19592.927734375 3.050646879639212e-18
19593.04296875 3.050589556940489e-18
19593.15625 3.0505230122186527e-18
19593.271484375 3.0504514944507085e-18
19593.384765625 3.050384202581793e-18
19593.498046875 3.0503278682662736e-18
19593.61328125 3.0502573465807367e-18
19593.7265625 3.0501870662236565e-18
19593.841796875 3.050115299316943e-18
19593.955078125 3.050045766025949e-18
19594.068359375 3.049990178726992e-18
19594.18359375 3.049922147298756e-18
19594.298828125 3.049850380310068e-18
19594.412109375 3.0497830882635092e-18
19594.525390625 3.0497265047487876e-18
19594.640625 3.0496562319158847e-18
19594.75390625 3.0495857023410435e-18
19594.8671875 3.049515670817906e-18
19594.982421875 3.049445397922467e-18
19595.095703125 3.0493893123889575e-18
19595.2109375 3.0493210317443057e-18
19595.32421875 3.0492505020682476e-18
19595.439453125 3.0491817233099393e-18
19595.552734375 3.0491253886681437e-18
19595.666015625 3.049056104114439e-18
19595.779296875 3.048985574357986e-18
19595.89453125 3.04891430515441e-18
19596.0078125 3.048845020539103e-18
19596.12109375 3.0487889348430543e-18
19596.236328125 3.04872090305484e-18
19596.3515625 3.04864938473295e-18
19596.46484375 3.0485813452213364e-18
19596.578125 3.0485252594534156e-18
19596.693359375 3.0484549862545976e-18
19596.921875 3.0483141830756044e-18
19597.37890625 3.0480480167617376e-18
19598.291015625 3.047518414919744e-18
19600.115234375 3.0464594565214952e-18
19603.765625 3.0443253448531087e-18
19611.06640625 3.040078478566168e-18
19625.669921875 3.0315949727324603e-18
19654.873046875 3.0147340774074803e-18
19713.28125 2.981402006772881e-18
19771.689453125 2.948434050914887e-18
19830.09765625 2.915887090211361e-18
19888.505859375 2.8838835435114772e-18
19946.9140625 2.8523066831913572e-18
20005.322265625 2.8211289486050915e-18
20063.73046875 2.7903471910992107e-18
20122.138671875 2.759992402234016e-18
20180.546875 2.7301177638745927e-18
20238.953125 2.7006154559702072e-18
20297.361328125 2.671479096083286e-18
20355.76953125 2.642696047251405e-18
20414.177734375 2.614389793145653e-18
20470.77734375 2.587274685478496e-18
20472.5859375 2.586410352393746e-18
20474.392578125 2.5855467567025037e-18
20478.0078125 2.5838432451220344e-18
20485.23828125 2.5804361741165874e-18
20499.701171875 2.5736203512473656e-18
20528.626953125 2.5599886876979108e-18
20586.47265625 2.5329102918160157e-18
20644.3203125 2.5062208587544676e-18
20702.16796875 2.4799344355746904e-18
20760.013671875 2.453864048643895e-18
20817.861328125 2.4282983491003254e-18
20875.708984375 2.4029785170294215e-18
20933.556640625 2.3779387848511108e-18
20991.40234375 2.353350606192811e-18
21049.25 2.3289568559445877e-18
21107.09765625 2.304951950137023e-18
21164.9453125 2.2812506331614532e-18
21222.79296875 2.257737427205356e-18
21280.638671875 2.2347215968419376e-18
21338.486328125 2.2118842801048713e-18
21396.333984375 2.189339086803173e-18
21454.181640625 2.1671375074021665e-18
21512.02734375 2.145096368542148e-18
21569.875 2.12340322075428e-18
21624.826171875 2.1030687639304064e-18
21627.72265625 2.102000708113904e-18
21630.6171875 2.1009336377555562e-18
21636.40625 2.0988132061569317e-18
21647.984375 2.0945724972772307e-18
21671.140625 2.086090573161283e-18
21717.455078125 2.0692388262311476e-18
21810.083984375 2.036060109200067e-18
21902.712890625 2.003515238381517e-18
21995.341796875 1.971673639476136e-18
22087.970703125 1.940409897256778e-18
22180.599609375 1.9097771923867063e-18
22273.228515625 1.879747763865019e-18
22365.857421875 1.8502809660657447e-18
22458.484375 1.8214336129118427e-18
22551.11328125 1.7931151914267496e-18
22643.7421875 1.7653300131299393e-18
22685.90625 1.7528801025145387e-18
22736.37109375 1.7380997745324184e-18
22784.837890625 1.7240407559216032e-18
22786.837890625 1.7234669318803897e-18
22788.837890625 1.7228857279615289e-18
22792.8359375 1.7217325591888583e-18
22800.833984375 1.7194243146347262e-18
22816.828125 1.7148185559396159e-18
22848.8203125 1.705654490785711e-18
22912.802734375 1.687504528228265e-18
22976.78515625 1.6695984309061548e-18
23040.767578125 1.6518739997655167e-18
23104.751953125 1.634378014407062e-18
23168.732421875 1.6171051828317268e-18
23232.716796875 1.6000648014372855e-18
23296.697265625 1.5832457601497889e-18
23360.681640625 1.5666482236243585e-18
23424.662109375 1.5502609543368712e-18
23488.646484375 1.5340933733362341e-18
23552.62890625 1.5181324925112908e-18
23616.611328125 1.50237846775887e-18
23680.59375 1.486825696999201e-18
23744.576171875 1.4714742080795784e-18
23808.55859375 1.456318647907922e-18
23872.541015625 1.4413569161478653e-18
23936.5234375 1.4265856605775803e-18
24000.505859375 1.4120046572424977e-18
24064.48828125 1.3976085505356615e-18
24128.470703125 1.383389981192103e-18
24192.453125 1.3693544813792032e-18
24256.435546875 1.355498446252413e-18
24320.419921875 1.3418087581853429e-18
24384.400390625 1.328296826838925e-18
24448.384765625 1.314951416686465e-18
24512.365234375 1.3017744213772823e-18
24576.349609375 1.2887566062244693e-18
24640.330078125 1.2758999893966166e-18
24704.314453125 1.2632118630834783e-18
24768.296875 1.2506719588611601e-18
24832.279296875 1.238287687619777e-18
24896.26171875 1.2260534352769009e-18
24960.244140625 1.2139732303303492e-18
25004.4375 1.205719246475069e-18
25024.2265625 1.2020374500391582e-18
25044.015625 1.1983814752952204e-18
25083.595703125 1.1911409848312296e-18
25162.75390625 1.17682122644369e-18
25241.912109375 1.162721182752067e-18
25321.0703125 1.1488224760648327e-18
25400.228515625 1.1351362909002397e-18
25479.38671875 1.1216535175870173e-18
25558.544921875 1.1083627890575485e-18
25637.703125 1.0952700274276788e-18
25716.861328125 1.0823676226953099e-18
25796.01953125 1.0696539783373207e-18
25875.1796875 1.0571288775116188e-18
25954.337890625 1.044783388337995e-18
26033.494140625 1.0326173536200206e-18
26112.654296875 1.0206290535977405e-18
26191.8125 1.0088185143600035e-18
26270.970703125 9.971820070023667e-19
26350.12890625 9.857048307217942e-19
26429.287109375 9.744018069368706e-19
26508.4453125 9.632544090634263e-19
26587.603515625 9.522609083219888e-19
26666.76171875 9.41428729397465e-19
26745.921875 9.307467403990151e-19
26825.078125 9.202206065655697e-19
26904.236328125 9.098391337050796e-19
26983.396484375 8.996061719794712e-19
27062.5546875 8.895105809240992e-19
27141.712890625 8.795598489159612e-19
27142.546875 8.794568892680389e-19
27220.87109375 8.697483557253665e-19
27299.193359375 8.601717679957366e-19
27377.517578125 8.5064033297508e-19
27455.841796875 8.412371786719293e-19
27534.1640625 8.319660271289251e-19
27612.48828125 8.228213191770249e-19
27690.8125 8.138031378086996e-19
27769.13671875 8.049041630271186e-19
27847.458984375 7.961353325717516e-19
27925.783203125 7.874728240670446e-19
28004.107421875 7.789386824450768e-19
28082.4296875 7.705145392648723e-19
28160.75390625 7.622040557160361e-19
28239.076171875 7.54009194735363e-19
28317.400390625 7.459187418458609e-19
28395.724609375 7.379383634804004e-19
28474.048828125 7.300662576996446e-19
28552.37109375 7.222967914018136e-19
28630.6953125 7.146336884071542e-19
28709.01953125 7.07065977517185e-19
28787.34375 6.995839730917841e-19
28865.666015625 6.922000784958038e-19
28943.990234375 6.8490833825403865e-19
29022.3125 6.777141596046362e-19
29100.63671875 6.706139720078839e-19
29178.9609375 6.63611488006396e-19
29257.283203125 6.566899469825426e-19
29335.607421875 6.498661252428069e-19
29413.931640625 6.431233868550141e-19
29492.255859375 6.3647455127506335e-19
29570.578125 6.29912339952599e-19
29648.90234375 6.234293492145304e-19
29727.2265625 6.170292911299314e-19
29805.548828125 6.107158153791098e-19
29883.873046875 6.044760526343552e-19
29932.599609375 6.006390865480363e-19
29962.1953125 5.983191795813452e-19
29991.79296875 5.960176934118773e-19
